OrgID,CNT_AlumRelationships,CNT_Relationships,CNT_Designations,LifetimeDonation,DonorLast3Yrs,GivingVelocity,TimeVelocity,RFM_ORG,GivesToUniversities,ArtsCultureandHumanities,Education,EnvironmentandAnimals,Health,Philanthropy,PublicandSocietalBenefit,Religion
1,0,0,1,600,0,1,,6,0,0,0,0,0,0,0,0
2,0,1,2,47500,1,1,,9,1,0,0,0,0,0,0,0
3,2,4,1,15000,1,1,,8,1,0,0,0,0,0,0,0
4,0,1,1,1372.46,0,1,,7,0,0,0,0,1,0,0,0
5,0,3,1,100000,1,1,,9,1,0,0,0,0,0,0,0
6,0,0,1,41.9,0,1,,6,0,0,0,0,0,0,0,0
7,11,24,3,84450,1,1,,11,0,0,0,0,0,0,1,0
8,0,1,1,31135.59,1,1,,10,1,0,0,0,0,0,0,0
9,0,1,1,274.67,1,1,,7,0,0,0,0,0,0,1,0
10,0,2,4,16034303.74,1,1,1,15,1,0,1,0,0,0,0,0
11,0,1,2,247.55,0,1,,6,0,0,0,0,0,0,0,0
12,1,1,1,618.23,0,1,,7,0,0,0,0,0,0,0,0
13,15,34,7,1211876.62,1,1,,14,0,0,1,0,1,1,1,0
14,0,1,1,7100,1,1,,9,1,0,0,0,0,0,0,0
15,0,0,1,25000,1,1,,9,1,0,0,0,0,0,0,0
16,0,0,1,159610,0,1,,10,0,0,0,0,0,0,0,0
17,0,3,2,1209611.53,0,1,,10,0,0,0,0,1,0,0,0
18,0,1,1,19250,1,1,,10,1,0,0,0,0,0,0,0
19,0,1,2,90209.12,1,1,,10,1,0,0,0,0,0,0,0
20,0,0,1,13840.2,0,1,,7,0,0,0,0,0,0,0,0
21,0,0,1,30000,0,1,,7,0,0,0,0,0,0,0,0
22,0,1,1,5000,0,1,,6,0,0,0,0,0,0,0,0
23,0,0,2,788302,1,1,,13,1,0,0,0,0,0,0,0
24,0,1,1,10000,1,1,,8,1,0,0,0,0,0,0,0
25,1,1,2,327000,1,1,,12,1,0,0,0,0,0,0,0
26,1,1,4,1550,1,1,,10,0,0,0,0,0,0,0,0
27,1,1,1,51.47,1,1,,8,1,0,0,0,0,0,0,0
28,1,2,1,6000,0,1,,7,1,0,1,0,0,0,0,0
29,0,0,1,470.72,0,1,,6,0,0,0,0,0,0,0,0
30,1,1,2,575,0,1,,7,0,0,0,0,0,0,0,0
31,3,3,2,5500,0,1,,8,0,0,0,0,0,0,1,0
32,0,1,1,500,1,1,,7,1,0,0,0,0,0,0,0
33,2,3,4,76550,1,1,,10,1,0,0,0,0,0,0,0
34,0,1,1,312971.4,1,1,,12,1,0,0,0,0,0,0,0
35,0,1,1,51500,0,1,2,8,1,0,0,0,0,0,0,0
36,1,1,1,20000,0,1,,8,0,0,0,0,0,0,0,0
37,0,1,1,2343.61,1,1,,7,0,0,0,0,0,0,1,0
38,0,1,1,5000,1,1,,8,1,0,0,0,0,0,0,0
39,0,0,1,150,1,1,,7,1,0,0,0,0,0,0,0
40,0,1,1,12569.38,0,1,,7,0,0,0,0,0,0,0,0
41,0,1,2,28750,1,1,,11,1,0,0,0,0,0,0,0
42,0,0,1,5500,1,1,,8,1,0,0,0,0,0,0,0
43,2,4,1,5500,0,1,,7,0,0,0,0,0,0,0,0
44,0,1,1,9000,1,1,,8,1,0,0,1,0,0,0,0
45,0,1,1,1000,0,1,,6,0,0,0,0,0,0,0,0
46,0,1,1,25944,1,1,,9,1,0,0,0,1,0,0,0
47,0,0,1,118096.79,0,1,,9,1,0,0,0,0,0,0,0
48,0,1,1,9000,1,1,,10,1,0,0,0,0,0,0,0
49,0,0,1,50000,0,1,,7,1,0,0,0,0,0,0,1
50,0,3,1,50000,1,1,,5,1,0,0,0,0,0,0,0
51,5,8,1,5500,0,1,,6,0,0,0,0,0,0,0,0
52,3,8,2,1722375,1,1,,13,0,0,0,0,0,0,0,0
53,0,1,2,4804,1,1,1,12,1,0,0,0,0,0,0,0
54,0,0,1,56581.23,0,1,,8,0,0,0,0,0,0,0,0
55,0,1,1,4000,1,1,,8,1,0,0,0,0,0,0,0
56,0,1,2,32015.78,0,1,,10,0,0,0,0,0,0,0,0
57,1,1,1,270,0,1,,8,0,0,0,0,0,0,0,0
58,1,1,1,9500,1,1,,9,0,0,0,0,0,0,0,0
59,1,6,3,3612139.38,1,1,,15,1,0,0,0,0,0,0,0
60,2,3,3,29000,1,1,3,10,1,0,0,0,0,0,0,0
61,0,1,2,7550,1,1,3,8,1,0,0,0,0,0,0,0
62,0,1,1,950,0,1,,8,0,0,0,0,0,0,0,0
63,0,1,1,2000,1,1,,7,1,0,0,0,0,0,0,0
64,0,2,2,361126.89,1,1,,12,1,0,0,0,0,0,0,0
65,1,4,3,48500,1,1,,9,1,0,0,0,0,0,0,0
66,0,3,1,25000,0,1,,7,0,0,0,0,0,0,0,0
67,0,0,1,42025.88,1,1,,9,1,0,0,0,0,0,0,0
68,0,0,1,31250,1,1,,9,1,0,0,0,0,0,0,0
69,0,0,2,2750,0,1,,6,0,0,0,0,0,0,0,0
70,0,0,1,300,0,1,,6,0,0,0,0,0,0,0,0
71,0,1,1,45195,0,1,,8,0,0,0,0,0,0,0,0
72,0,0,1,153780.9,1,1,,10,1,0,0,0,0,0,0,0
73,0,2,5,945328.75,1,1,,14,0,0,0,0,1,0,0,0
74,0,1,1,64579.55,1,1,,9,0,0,0,0,0,0,0,0
75,4,4,4,310000,0,1,,11,0,0,0,0,0,0,0,0
76,0,3,1,3600,1,1,,8,1,0,0,0,0,0,0,0
77,0,1,2,2015,0,1,,10,0,0,0,0,0,0,0,0
78,1,1,3,1800,1,1,,11,1,0,0,0,0,0,0,0
79,0,1,2,5660,0,1,,8,0,0,0,0,1,0,0,0
80,0,1,2,1100,0,1,,7,0,0,0,0,0,0,0,0
81,0,0,7,209740.52,1,1,,13,0,0,0,0,0,0,1,0
82,1,1,1,143546,1,1,,10,1,0,0,0,0,0,0,0
83,0,1,1,5000,1,1,,7,1,0,0,0,0,0,0,0
84,1,2,1,190,0,1,,7,0,0,0,0,0,0,0,0
85,0,1,1,1078.8,0,1,,6,0,0,0,0,0,0,0,0
86,1,1,2,50,0,1,,7,0,0,0,0,0,0,0,0
87,0,0,1,527.95,0,1,,6,0,0,0,0,0,0,0,0
88,1,1,2,10964,1,1,,9,0,0,0,0,0,0,0,0
89,0,0,1,1850,0,1,,6,0,0,0,0,0,0,0,0
90,0,0,1,6000,0,1,,7,0,0,0,0,0,0,0,0
91,2,8,6,1758166.68,1,1,3,15,1,0,0,0,0,0,0,0
92,0,1,1,2500,1,1,,7,1,0,0,0,0,0,0,0
93,0,1,1,4400,0,1,,6,0,0,0,0,0,0,0,0
94,0,1,3,249043.25,1,1,3,11,1,0,0,0,0,0,0,0
95,0,0,1,500,0,1,,7,0,0,0,0,0,0,0,0
96,0,0,1,6850,1,1,,9,0,0,0,0,0,0,0,0
97,0,2,1,7250,1,1,,8,1,0,0,0,0,0,0,0
98,1,1,1,1240,1,1,,9,1,0,0,0,0,0,0,0
99,0,1,1,1200,1,1,,8,1,0,0,0,0,0,0,0
100,0,1,1,1270,1,1,,7,1,0,0,0,0,0,0,0
101,0,2,4,4670,1,1,1,10,0,0,0,0,0,0,1,0
102,0,2,1,5000,1,1,,7,1,0,0,0,0,0,0,0
103,3,6,1,9000,1,1,,7,1,0,0,0,0,0,0,0
104,1,1,1,15625,0,1,,7,0,0,0,0,0,0,0,0
105,0,3,1,1000,1,1,,7,1,0,0,0,0,0,0,0
106,1,4,3,17843.94,1,1,,10,1,0,0,0,0,0,0,0
107,1,2,1,500,1,1,,7,1,0,0,0,0,0,0,0
108,0,0,1,37250,1,1,,9,1,0,0,0,0,0,0,0
109,1,2,1,207520.41,1,1,,12,1,0,0,0,0,0,0,0
110,0,1,2,2250,1,1,,8,0,0,0,0,0,0,0,0
111,0,0,1,5000,0,1,,7,0,0,0,0,0,0,0,0
112,0,0,1,1107.48,0,1,,6,0,0,0,0,0,0,0,0
113,1,1,4,8001,0,1,,9,0,0,0,0,0,0,0,0
114,0,0,1,1000,1,1,,7,1,0,0,0,0,0,0,0
115,1,3,1,1500,1,1,,7,1,0,0,0,0,0,0,0
116,0,1,1,9852.3,1,1,,8,0,0,0,0,0,0,0,0
117,0,1,1,100,0,1,,7,0,0,0,0,0,0,0,0
118,0,2,1,7342,1,1,,11,0,0,0,0,1,0,1,1
119,0,1,1,2750,1,1,,7,0,0,0,0,0,0,1,0
120,0,4,3,50322,1,1,,10,1,0,0,0,0,0,0,0
121,0,3,2,1495,1,1,,9,0,0,0,0,0,0,1,0
122,0,0,1,200,1,1,,7,1,0,0,0,0,0,0,0
123,0,0,1,979017.63,1,1,,11,1,0,0,0,0,0,0,0
124,0,1,1,200,1,1,,8,0,0,0,0,0,0,0,0
125,0,1,1,38100,1,1,,9,1,0,0,0,0,0,0,0
126,1,3,4,60730,0,1,,10,0,0,0,0,0,0,0,0
127,0,1,1,2000,1,1,,7,1,0,0,0,0,0,0,0
128,0,0,1,3070.85,1,1,,8,1,0,0,0,0,0,0,0
129,0,0,1,50000,1,1,,8,1,0,0,0,0,0,0,0
130,0,1,1,10419.93,0,1,,8,0,0,0,0,0,0,0,0
131,21,38,3,118327,1,1,,13,0,0,0,0,0,0,0,0
132,2,4,5,79283,1,1,,10,0,0,0,0,0,0,1,0
133,0,0,1,800,1,1,,7,0,0,0,0,0,0,0,0
134,0,1,1,4250,0,1,,8,0,0,0,0,0,0,0,0
135,0,1,3,10827.69,1,1,,9,1,0,0,0,1,0,1,0
136,0,1,1,1696.16,0,1,,7,0,0,0,0,0,0,0,0
137,0,1,1,294840.91,0,1,,10,0,0,0,0,0,0,0,0
138,0,1,2,3825,0,1,,8,0,0,0,0,0,0,0,0
139,0,1,1,1000,1,1,,7,1,0,0,0,0,0,0,0
140,0,1,1,6900,1,1,,8,1,0,0,0,0,0,0,0
141,0,1,1,60,0,1,,6,0,0,0,0,0,0,0,0
142,0,1,1,100,1,1,,7,1,0,0,0,0,0,0,0
143,0,0,1,1000,0,1,,7,0,0,0,0,0,0,0,0
144,0,4,1,123000,1,1,1,11,1,0,0,0,0,0,0,0
145,0,1,2,56500,1,1,,9,0,0,0,0,1,0,0,0
146,3,4,1,3000,0,1,,7,0,1,1,0,0,0,0,0
147,0,2,3,7907.85,0,1,,8,0,0,0,0,0,0,0,0
148,0,0,2,3500,1,1,,8,0,0,0,0,0,0,0,0
149,14,21,3,4681.25,0,1,,7,0,0,0,0,0,0,0,0
150,1,4,4,48070,0,1,,10,0,0,0,0,0,0,0,0
151,0,0,1,5619.26,0,1,,7,0,0,0,0,0,0,0,0
152,1,2,1,500,0,1,,6,0,0,0,0,0,0,0,0
153,0,0,1,10621447.06,1,1,,15,1,0,0,0,0,0,0,0
154,0,0,1,2600,1,1,,7,1,0,0,0,0,0,0,0
155,1,1,3,22698.66,1,1,3,11,1,0,0,0,0,0,0,0
156,1,1,1,4000,0,1,,7,0,0,0,0,0,0,0,0
157,0,0,1,3000,1,1,,7,1,0,1,0,0,0,0,0
158,1,1,1,93.08,0,1,,6,0,0,0,0,0,0,0,0
159,4,4,3,342850,1,1,,14,1,0,0,0,0,0,0,0
160,0,1,1,3749.03,1,1,,7,0,0,0,0,0,0,0,0
161,0,1,1,6700.51,1,1,,8,1,0,0,0,0,0,0,0
162,1,3,5,640100,1,1,,11,0,0,0,0,0,0,0,0
163,0,0,1,19791.67,1,1,,9,1,0,0,0,0,0,0,0
164,3,7,1,3800,1,1,,9,1,0,0,0,0,0,0,0
165,0,0,1,3789.29,1,1,,8,1,0,0,0,0,0,0,0
166,0,1,1,600,0,1,,6,0,0,0,0,1,0,0,0
167,0,1,1,216457.5,1,1,1,11,1,0,0,0,0,0,0,0
168,1,3,1,1000000,0,1,,11,0,0,0,0,1,0,0,0
169,2,6,1,43750,1,1,3,9,1,0,0,0,0,0,0,0
170,0,1,1,715531.1,1,1,1,13,1,0,0,0,0,0,0,0
171,0,0,1,235038,1,1,,11,1,0,0,0,0,0,0,0
172,0,1,1,243244.32,1,1,,11,1,0,0,0,0,0,0,0
173,1,2,2,615193.45,0,1,,11,0,0,0,0,0,0,0,0
174,0,0,2,5700,1,1,,9,0,0,0,0,0,0,0,0
175,0,5,4,96394.28,1,1,3,13,1,1,1,0,1,1,1,1
176,0,1,1,3000,1,1,,9,1,0,0,0,0,0,0,0
177,0,1,1,2500,0,1,,6,0,0,0,0,0,0,0,0
178,4,4,1,4550,1,1,,10,1,0,0,0,0,0,0,0
179,0,1,3,510,0,1,,8,0,0,0,0,0,0,0,0
180,5,10,3,29114,1,1,,10,1,0,0,0,0,0,0,0
181,0,1,1,600,1,1,,7,1,0,0,0,0,0,0,0
182,0,1,2,720898.34,1,1,1,14,1,0,0,0,0,0,0,0
183,0,1,1,279250,1,1,,12,1,0,0,0,0,0,0,0
184,0,1,1,150,0,1,,7,0,0,0,0,0,0,0,0
185,3,3,1,500,0,1,,7,0,0,0,0,0,0,0,0
186,4,9,4,901857.5,1,1,,12,0,0,0,0,0,0,0,0
187,0,1,1,1120158.93,1,1,,13,0,0,0,1,0,0,1,0
188,0,1,1,100,0,1,,7,0,0,0,0,0,0,0,0
189,0,2,4,303987,1,1,,14,1,0,0,0,0,0,0,0
190,0,0,1,2500,0,1,,7,0,0,0,0,0,0,0,0
191,0,0,1,4500,0,1,,6,0,0,0,0,0,0,0,0
192,0,0,1,11524,0,1,,9,0,0,0,0,0,0,0,0
193,0,1,1,24166.66,1,1,1,8,1,0,0,0,0,0,0,0
194,1,1,1,1000000,0,1,,9,0,0,0,0,0,0,0,0
195,0,1,2,70000,1,1,,10,0,0,0,0,0,0,0,0
196,0,0,2,9312.6,0,1,,9,0,0,0,0,0,0,0,0
197,0,1,1,350,0,1,,6,0,0,0,0,0,0,0,0
198,0,1,1,86250,1,1,,10,1,0,0,0,0,0,0,0
199,0,0,1,1232.8,0,1,,7,0,0,0,0,0,0,0,0
200,0,1,2,1900,0,1,,8,0,0,0,0,0,0,0,0
201,1,1,3,278164.6,0,1,,11,0,0,0,0,0,0,0,0
202,2,6,4,362100,1,1,,14,0,1,1,0,1,0,0,0
203,0,0,1,4899.69,1,1,,8,1,0,0,0,0,0,0,0
204,0,1,1,1581.9,0,1,,6,0,0,0,0,0,0,0,0
205,0,1,2,40000,1,1,,9,1,0,1,0,1,0,1,0
206,1,1,1,21475,1,1,,11,1,0,0,0,0,0,0,0
207,0,1,1,100,1,1,,7,1,0,0,0,0,0,0,0
208,1,2,4,275,1,1,,9,1,0,0,0,0,0,0,0
209,0,1,1,2000,0,1,,6,0,0,0,0,0,0,0,0
210,0,0,1,231956.35,1,1,,11,1,0,0,0,0,0,0,0
211,0,1,1,34100,1,1,,8,0,0,0,0,0,0,0,0
212,1,8,6,8034301.65,1,1,3,15,1,0,1,0,1,0,0,0
213,0,1,1,5235,0,1,,7,0,0,0,0,0,0,0,0
214,0,1,4,28700,0,1,,8,0,0,0,0,0,0,0,0
215,0,0,1,50,0,1,,6,0,0,0,0,0,0,0,0
216,0,0,2,1700,1,1,,8,0,1,0,0,0,0,0,0
217,0,0,1,4525.2,0,1,,5,1,0,0,0,0,0,0,0
218,1,2,2,50,1,1,,8,1,0,0,0,0,0,0,0
219,0,2,2,6038071,1,1,,14,1,0,0,0,0,0,0,0
220,0,1,1,15833.33,1,1,,8,1,0,0,0,0,0,0,0
221,0,0,1,412168.26,1,1,,11,1,0,0,0,0,0,0,0
222,24,42,7,175232.82,1,1,,13,1,0,0,0,0,0,0,0
223,0,1,1,32214,0,1,,8,0,0,0,0,0,0,0,0
224,0,1,1,6000,0,1,,7,0,0,0,0,0,0,0,0
225,0,2,1,38000,1,1,,12,1,0,0,0,0,0,0,0
226,0,1,1,1000,0,1,,7,0,0,0,0,0,0,0,0
227,1,1,1,500,0,1,,6,0,0,0,0,0,0,0,0
228,1,2,2,500,1,1,,8,1,0,0,0,0,0,0,0
229,0,0,1,6000,1,1,,7,0,0,0,0,0,0,0,0
230,5,7,2,800,0,1,,8,0,0,0,0,0,0,0,0
231,0,1,2,18400,1,1,,11,1,0,0,0,0,0,0,0
232,0,1,1,142574.12,1,1,,13,1,0,0,0,0,0,0,0
233,0,0,1,10000,1,1,,8,1,0,0,0,0,0,0,0
234,0,0,1,75,1,1,,7,0,0,0,0,0,0,1,0
235,1,1,3,22365,1,1,,11,0,0,0,0,0,0,0,0
236,0,0,2,50900.75,1,1,,12,1,0,0,0,0,0,0,0
237,0,1,1,750,0,1,,6,0,0,0,0,0,0,0,0
238,0,1,1,5000,1,1,,7,1,0,0,0,0,0,0,0
239,0,1,1,50,1,1,,7,0,0,0,0,0,0,1,0
240,1,14,5,1965768.73,1,1,,15,1,0,0,0,0,0,0,0
241,0,0,1,7000,1,1,,7,1,0,0,0,0,0,0,0
242,0,1,1,500,0,1,,6,0,0,0,0,0,0,0,0
243,0,0,2,40000,0,1,,9,0,0,0,0,0,0,0,0
244,0,0,1,100,0,1,,7,0,0,0,0,0,0,0,0
245,0,0,1,700,1,1,,8,1,0,0,0,0,0,0,0
246,0,0,1,916548.46,0,1,,9,0,0,0,0,0,0,0,0
247,0,0,1,1216.35,0,1,,7,0,0,0,0,0,0,0,0
248,0,1,1,2000,0,1,,7,0,0,0,0,0,0,0,0
249,0,0,1,200,0,1,,7,0,0,0,0,0,0,0,0
250,0,0,1,2567,1,1,,7,1,0,0,0,0,0,0,0
251,0,1,2,250100,1,1,,10,1,1,1,0,1,0,0,0
252,0,1,1,108665.53,0,1,,12,0,0,0,0,1,0,0,0
253,1,2,5,2594393.62,1,1,3,14,1,0,0,0,1,0,0,0
254,0,1,1,4664.44,0,1,,7,0,0,0,0,0,0,0,0
255,0,1,1,1000,0,1,,6,0,0,0,0,0,0,0,0
256,0,2,3,104458.94,0,1,,11,0,1,1,0,0,0,1,0
257,0,0,1,50000,0,1,,7,0,0,0,0,0,0,0,0
258,0,2,1,18000,0,1,,8,0,0,0,0,0,0,0,0
259,0,4,1,375000,1,1,,8,0,0,0,0,0,0,0,0
260,4,14,3,83348.96,1,1,,10,0,0,0,0,0,0,1,0
261,1,1,1,1000,1,1,,7,0,0,0,0,0,0,1,0
262,0,1,1,500,1,1,,7,1,0,0,0,0,0,0,0
263,0,1,1,5200,1,1,,9,1,0,0,0,0,0,0,0
264,0,0,1,163804.63,0,1,,10,0,0,0,0,0,0,0,0
265,0,0,4,34005.83,1,1,1,11,1,0,0,0,0,0,0,0
266,0,2,1,189,1,1,,7,0,0,0,0,0,0,1,0
267,0,0,5,6584.05,0,1,,9,0,0,0,0,0,0,0,0
268,0,1,2,1900,0,1,,7,0,0,0,0,0,0,0,0
269,4,9,1,44875,0,1,,8,0,0,0,0,1,0,0,0
270,3,7,4,92126.67,1,1,,12,1,0,0,0,0,0,0,0
271,0,0,1,508356,1,1,,11,1,0,0,0,0,0,0,0
272,17,28,4,345416,1,1,,14,1,0,0,0,0,0,0,0
273,0,0,2,250000,1,1,,9,1,0,0,0,0,0,0,0
274,1,1,2,327000,0,1,,13,0,0,0,0,0,0,0,0
275,0,0,1,100,1,1,,7,1,0,0,0,0,0,0,0
276,0,0,1,40,0,1,,6,0,0,0,0,0,0,0,0
277,0,1,1,232.7,0,1,,6,0,0,0,0,0,0,0,0
278,0,1,1,165.12,1,1,,7,0,0,0,0,0,0,0,0
279,0,1,2,82000,0,1,,9,0,1,0,0,1,0,0,0
280,0,0,1,4866.47,0,1,,7,1,0,1,0,0,0,0,0
281,0,1,1,750,0,1,,7,1,0,0,0,0,0,0,0
282,0,0,1,1000,0,1,,6,0,0,0,0,0,0,0,0
283,0,1,1,100,1,1,,7,1,0,0,0,0,0,0,0
284,2,4,1,184000,1,1,,12,1,0,0,0,0,0,0,0
285,0,2,3,274800,1,1,,13,1,0,0,0,0,0,0,0
286,0,1,1,33541.67,1,1,,8,1,0,1,0,1,0,1,0
287,0,1,1,1500,0,1,,6,0,0,0,0,0,0,0,0
288,0,0,1,190,1,1,,7,1,0,0,0,0,0,0,0
289,0,0,1,50000,0,1,,7,0,0,0,0,0,0,0,0
290,2,3,1,9000,1,1,,9,1,0,0,0,0,0,0,0
291,1,1,1,150,1,1,,7,1,0,0,0,0,0,0,0
292,0,1,1,26397,1,1,,9,1,0,0,0,0,0,0,0
293,0,1,1,57500,0,1,,8,0,0,0,0,1,0,1,0
294,0,0,1,561.44,0,1,,7,1,0,0,0,0,0,0,0
295,2,2,1,141875,1,1,,11,1,0,0,0,0,0,0,0
296,0,1,1,10000,1,1,1,9,0,0,0,0,0,0,1,0
297,1,1,1,13523.34,0,1,,9,0,0,0,0,0,0,0,0
298,5,12,3,205568,1,1,,13,1,0,0,0,0,0,0,0
299,3,6,7,3694399.8,1,1,3,15,1,0,0,0,1,0,0,0
300,3,7,2,2642734.13,1,1,,14,1,0,0,0,0,0,0,0
301,0,0,1,3571441.14,1,1,1,13,1,0,0,0,1,0,0,0
302,1,12,2,13813.6,0,1,,10,0,1,1,0,1,0,0,0
303,0,0,2,9500,0,1,,9,0,0,0,0,0,0,0,0
304,0,1,1,100,1,1,,7,0,0,0,0,0,0,0,0
305,0,0,3,1166486.67,1,1,3,14,1,0,0,0,0,0,0,0
306,0,0,1,200000,0,1,,10,1,0,0,0,0,0,0,0
307,0,2,1,3000,1,1,,8,1,0,0,0,0,0,0,0
308,0,1,1,3000,1,1,,7,1,0,0,0,0,0,0,0
309,0,1,1,250,1,1,,7,0,0,0,0,0,0,1,0
310,0,0,3,32000,0,1,,10,0,1,0,0,0,0,0,0
311,0,0,1,1650,0,1,,4,0,0,0,0,0,0,0,0
312,0,4,3,5470,1,1,,10,1,0,0,0,0,0,0,0
313,0,3,4,265973,1,1,,11,1,0,0,0,0,0,0,0
314,0,1,1,54578.04,1,1,,9,1,0,0,0,0,0,0,0
315,0,1,1,19166.67,1,1,,8,1,0,0,0,0,0,0,0
316,0,0,1,1297094,1,1,3,15,0,0,0,0,0,0,0,0
317,0,1,1,2065.85,0,1,,6,0,0,0,0,0,0,0,0
318,0,0,1,2300,1,1,,9,1,0,0,0,0,0,0,0
319,1,3,1,43126.43,0,1,,7,0,0,0,0,0,0,0,0
320,0,1,1,997085.62,1,1,,11,1,0,0,0,0,0,0,0
321,0,0,1,100,0,1,,6,0,0,0,0,0,0,0,0
322,0,1,1,3000,0,1,,7,0,0,0,0,0,0,0,0
323,0,0,2,36034.95,0,1,,9,0,0,0,0,0,0,0,0
324,2,2,1,12500,1,1,,10,1,0,0,0,0,0,0,0
325,0,1,1,3246.25,1,1,,7,1,0,0,0,0,0,0,0
326,8,20,6,224775.22,1,1,3,13,0,0,0,0,0,0,1,0
327,0,0,1,1000,0,1,,6,0,0,0,0,0,0,0,0
328,0,1,1,750,0,1,,6,0,0,0,0,0,0,0,0
329,0,1,3,21500,1,1,,9,0,0,0,0,0,0,0,0
330,0,1,3,3735,1,1,,10,1,0,0,0,0,0,0,0
331,2,6,1,210874.98,1,1,,11,1,0,0,0,0,0,0,0
332,0,0,1,1070.09,0,1,,6,0,0,0,0,0,0,0,0
333,1,2,3,325853.8,1,1,,13,1,0,0,0,0,0,0,0
334,0,1,2,1300,1,1,,8,1,0,0,0,0,0,0,0
335,1,2,1,21541.66,1,1,,9,1,0,0,0,0,0,0,0
336,34,57,5,187211,1,1,3,13,0,0,0,0,0,0,0,0
337,0,1,1,10664,0,1,,7,0,0,0,0,0,0,0,0
338,0,1,1,49916.68,1,1,,10,1,0,0,0,0,0,0,0
339,1,1,2,7100,0,1,,8,0,0,0,0,0,0,0,0
340,0,0,1,4000,0,1,,6,0,0,0,0,1,0,1,0
341,0,0,1,11453,0,1,,7,0,0,0,0,0,0,0,0
342,3,6,6,467600,1,1,,14,1,0,0,0,1,0,0,0
343,0,1,2,1175070.65,0,1,,14,0,0,0,0,0,0,0,0
344,1,1,1,13000,1,1,,8,1,0,0,0,0,0,0,0
345,0,8,1,113225,0,1,,9,0,0,0,0,0,0,0,0
346,0,1,1,19378.5,1,1,,8,1,0,0,0,0,0,0,0
347,3,6,1,1000,1,1,,7,1,0,0,0,0,0,0,0
348,0,2,2,36835,1,1,1,12,1,0,0,0,0,0,0,0
349,7,12,1,209400,1,1,,13,1,0,0,0,0,0,0,0
350,0,1,1,150,0,1,,6,0,0,0,0,0,0,0,0
351,1,3,1,32000,0,1,,8,0,0,0,0,0,0,0,0
352,0,1,2,1483,1,1,,8,1,1,0,0,0,0,0,0
353,0,2,2,9000,1,1,3,8,0,0,0,0,0,0,0,0
354,0,0,1,12418.75,0,1,,7,0,0,0,0,0,0,0,0
355,0,0,2,4734.37,1,1,,8,1,0,0,0,0,0,0,0
356,0,0,1,100,1,1,,7,1,0,0,0,0,0,0,0
357,0,1,1,70,0,1,,7,0,0,0,0,0,0,0,0
358,0,0,1,750,1,1,,7,1,0,1,0,0,0,0,0
359,0,0,1,100,1,1,,7,1,0,0,0,0,0,0,0
360,0,1,1,27815.27,1,1,,9,1,0,0,0,0,0,0,0
361,1,1,1,680411,1,1,,12,1,0,0,0,0,0,0,0
362,0,1,1,856.4,0,1,,6,0,0,0,0,0,0,0,0
363,1,2,2,13250,1,1,1,11,1,0,0,0,0,0,0,0
364,0,1,1,1500,1,1,,9,1,0,0,0,0,0,0,0
365,0,2,1,1748359.57,1,1,,15,1,0,0,0,0,0,0,0
366,0,1,2,15357.5,0,1,,8,0,0,0,0,0,0,0,0
367,0,1,1,12104,1,1,,8,1,0,0,0,0,0,0,0
368,0,1,1,26548,1,1,,11,1,0,0,0,0,0,0,0
369,0,0,1,5500,0,1,,6,0,0,0,0,0,0,0,0
370,0,3,1,1800000,1,1,,15,1,1,1,0,1,0,0,0
371,0,1,1,15000,1,1,,10,1,0,0,0,0,0,0,0
372,0,0,1,300,1,1,,7,1,0,0,0,0,0,0,0
373,0,1,2,1100,0,1,,8,0,0,0,0,0,0,0,0
374,0,0,1,1000,1,1,,7,0,0,0,0,0,0,1,0
375,7,12,4,27568.84,0,1,,11,0,0,0,0,0,0,0,0
376,0,0,2,5137.02,1,1,,8,1,0,0,0,0,0,0,0
377,0,1,1,1000,0,1,,6,0,0,0,0,0,0,0,0
378,1,5,4,11950,1,1,,10,1,1,1,1,1,0,0,0
379,0,2,1,5070410,1,1,3,14,1,0,0,0,0,0,0,0
380,0,2,2,161000,1,1,,11,1,0,0,0,0,0,0,0
381,1,1,1,700,0,1,,6,0,0,0,0,0,0,0,0
382,7,10,1,20197.43,1,1,,8,1,0,0,0,0,0,0,0
383,0,1,1,2137.6,0,1,,6,0,0,0,0,0,0,0,0
384,0,0,1,100,1,1,,7,1,1,1,0,0,0,0,0
385,0,0,1,427299.35,1,1,,10,0,0,0,0,0,0,0,0
386,0,1,1,15000,0,1,,7,0,0,0,0,0,0,1,0
387,25,37,6,21925,0,1,,11,0,0,0,0,0,0,0,0
388,3,7,1,23750,1,1,,9,1,0,0,0,1,0,0,0
389,0,0,2,359.98,0,1,,7,0,0,0,0,0,0,1,0
390,0,1,1,1000,0,1,,6,0,0,0,0,0,0,0,0
391,0,0,7,1009343.97,1,1,,14,1,0,0,0,0,0,0,0
392,0,1,1,5000,1,1,,5,1,0,0,0,0,0,0,0
393,0,0,1,2000,1,1,,8,1,0,0,0,0,0,0,0
394,1,1,4,2450,1,1,,11,0,0,0,0,0,0,1,0
395,0,1,1,3000,1,1,,8,1,0,0,0,0,0,0,0
396,0,0,1,150,0,1,,7,0,0,0,0,0,0,0,0
397,0,1,1,650.75,1,1,,7,1,0,0,0,0,0,0,0
398,0,0,1,780,0,1,,7,0,0,0,0,0,0,0,0
399,0,1,1,37500,0,1,,8,0,0,0,0,0,0,0,0
400,0,0,1,11351.97,0,1,,7,0,0,0,0,0,0,0,0
401,2,5,1,5000,1,1,,7,1,0,0,0,0,0,0,0
402,0,1,1,10,0,1,,7,0,0,0,0,0,0,0,0
403,0,1,1,1350,1,1,,8,0,0,0,0,0,0,1,0
404,0,0,2,50750,0,1,,8,1,0,0,0,0,0,0,0
405,0,1,1,10000,1,1,,5,0,0,0,0,0,0,0,0
406,0,1,1,12000,1,1,,8,0,0,0,0,0,0,1,0
407,1,2,2,35000,1,1,,11,1,0,0,0,0,0,0,0
408,0,3,2,102500,1,1,,12,0,0,0,0,0,0,1,0
409,0,0,1,153737.5,1,1,,9,1,0,0,0,0,0,0,0
410,0,1,1,10500,1,1,,9,1,0,0,0,0,0,0,0
411,0,0,1,1500,0,1,,8,0,0,0,0,0,0,0,0
412,0,1,1,1000,1,1,,7,1,0,0,0,0,0,0,0
413,0,0,1,14260,1,1,,11,1,0,0,0,0,0,0,0
414,0,1,1,1558038.06,1,1,,12,1,0,0,0,1,0,0,0
415,4,7,1,7000,1,1,,8,1,0,0,0,0,0,0,0
416,0,1,1,255000,1,1,,13,1,0,0,0,1,0,0,0
417,0,1,1,1000,0,1,,6,0,0,0,0,0,0,0,0
418,0,0,1,150564.76,1,1,,10,1,0,0,0,0,0,0,0
419,2,4,2,49203,1,1,,9,1,0,1,0,0,0,0,0
420,0,0,1,479.39,1,1,,8,1,0,0,0,0,0,0,0
421,0,3,4,578150,0,1,1,12,0,0,1,1,0,0,1,0
422,0,0,1,1257.4,0,1,,7,0,0,0,0,0,0,0,0
423,0,3,2,966372,1,1,,13,1,0,0,0,0,0,0,0
424,0,0,1,13064,0,1,,8,0,0,0,0,0,0,0,0
425,3,6,2,301000,1,1,,10,0,0,0,0,0,0,0,0
426,0,0,1,760019.02,1,1,3,13,1,0,0,0,0,0,0,0
427,0,0,1,1000,0,1,,6,0,0,0,0,0,0,0,0
428,2,2,1,10000,1,1,,8,1,1,1,0,0,0,0,0
429,0,1,1,4500,0,1,,6,0,0,0,0,0,0,0,0
430,0,1,1,1400,1,1,,7,0,0,0,0,0,0,0,0
431,1,9,4,2740516.37,1,1,,14,1,1,1,1,0,0,0,0
432,0,1,1,500,0,1,,6,0,0,0,0,0,0,0,0
433,1,1,1,550,0,1,,6,0,0,0,0,0,0,0,0
434,0,1,1,4985,0,1,,6,0,0,0,0,0,0,0,0
435,2,3,1,1500,1,1,,7,1,0,0,0,0,0,0,0
436,0,0,1,18000,0,1,,7,0,0,0,0,0,0,0,0
437,0,1,1,2700,1,1,,8,1,0,0,0,0,0,0,0
438,0,1,1,28.99,0,1,,6,0,0,0,0,0,0,0,0
439,0,3,6,354968.6,1,1,,14,1,0,0,1,0,0,0,0
440,6,9,1,5500,0,1,,6,1,0,1,0,1,1,1,1
441,0,1,1,750,1,1,,7,1,0,0,0,0,0,0,0
442,0,1,1,19500,1,1,,10,1,0,0,0,0,0,0,0
443,0,1,3,212577,0,1,,10,0,0,0,0,0,0,0,0
444,9,13,6,1222700,1,1,,14,1,0,0,0,0,0,0,0
445,2,6,4,349400,1,1,,13,1,0,0,1,0,0,0,0
446,0,3,2,70000,0,1,,9,1,0,1,0,1,0,1,0
447,5,7,2,8636.46,1,1,,8,0,0,0,0,0,0,0,0
448,0,0,1,3000,0,1,,7,0,0,0,0,0,0,0,0
449,0,2,2,340461.1,1,1,,12,1,1,1,1,0,0,0,0
450,0,1,1,7500,1,1,,8,1,0,0,0,0,0,0,0
451,0,2,1,75,0,1,,6,0,0,0,0,0,0,0,0
452,0,0,1,1000,0,1,,7,0,0,0,0,0,0,0,0
453,0,1,2,100,1,1,,7,1,0,0,0,0,0,0,0
454,0,0,1,100910,1,1,,10,1,0,0,0,0,0,0,0
455,11,17,1,523.45,1,1,,8,1,0,0,0,0,0,0,0
456,0,1,1,79406.46,0,1,,8,0,0,0,0,0,0,0,0
457,1,6,2,18060,0,1,,11,0,0,0,0,0,0,0,0
458,0,0,1,500,1,1,,7,1,0,0,0,0,0,0,0
459,1,1,3,1600,0,1,,7,0,0,0,0,0,0,0,0
460,0,0,1,19818,1,1,,8,1,0,0,0,0,0,0,0
461,0,1,1,9583.33,1,1,,7,1,0,0,0,0,0,0,0
462,0,1,1,63000,1,1,,9,1,0,0,0,0,0,0,0
463,0,0,1,300,0,1,,7,0,0,0,0,0,0,0,0
464,0,1,3,46000,1,1,,10,1,0,0,0,1,0,0,0
465,0,1,1,1000,0,1,,6,0,0,0,0,0,0,0,0
466,1,1,1,17500,0,1,,11,0,0,0,0,0,0,0,0
467,1,1,1,500,1,1,,7,0,0,0,0,0,0,0,0
468,1,3,4,7500,1,1,,12,1,0,0,0,0,0,0,0
469,0,0,1,196960,1,1,,9,1,0,0,0,0,0,0,0
470,1,1,1,580,1,1,3,9,1,0,0,0,0,0,0,0
471,8,10,3,27587,1,1,,12,1,0,0,0,0,0,0,0
472,6,8,5,403213,1,1,,13,1,0,0,0,0,0,0,0
473,0,2,3,60300,1,1,,10,1,0,0,0,0,0,0,0
474,2,3,3,2805,1,1,,8,0,0,0,0,0,0,1,0
475,1,3,1,5500,0,1,,6,0,0,0,0,0,0,0,0
476,0,0,1,40162.74,1,1,1,9,1,0,0,0,0,0,0,0
477,0,1,1,10500,0,1,,9,0,0,0,0,0,0,0,0
478,0,0,2,41716.31,1,1,3,11,1,0,0,0,0,0,0,0
479,0,1,1,900,0,1,,6,0,0,0,0,0,0,0,0
480,0,0,1,1000,1,1,,7,1,0,0,0,0,0,0,0
481,0,2,1,200000,0,1,,10,1,0,0,0,0,0,0,0
482,0,0,1,300,0,1,,6,0,0,0,0,0,0,0,0
483,0,1,1,18291.74,0,1,,8,1,0,0,0,0,0,0,0
484,0,1,1,32947.89,1,1,,8,1,0,0,0,0,0,0,0
485,0,0,1,7030,1,1,,7,0,1,0,0,0,0,0,0
486,0,1,1,500,1,1,,7,0,0,0,0,0,0,1,0
487,0,0,1,50,0,1,,6,0,0,0,0,0,0,0,0
488,0,0,1,102317,0,1,,10,0,0,0,0,0,0,0,0
489,22,33,5,776794.71,1,1,,14,0,0,0,0,0,0,0,0
490,1,1,2,175.1,1,1,,8,1,0,0,0,0,0,0,0
491,1,1,3,4450,1,1,,8,1,0,0,0,0,0,0,0
492,0,1,2,3025,1,1,,9,0,0,0,0,0,0,0,0
493,0,0,1,1250,1,1,,8,1,0,0,0,0,0,0,0
494,0,3,1,500,0,1,,6,0,0,0,0,0,0,0,0
495,0,1,1,3265,0,1,,9,0,0,0,0,0,0,0,0
496,0,1,1,100,1,1,,7,0,0,0,0,0,0,0,0
497,0,0,1,250,1,1,,7,1,0,0,0,0,0,0,0
498,3,10,6,1099776.64,1,1,,14,1,0,0,0,0,0,0,0
499,0,1,1,8650,0,1,,7,0,0,0,0,0,0,0,0
500,1,1,5,62570,1,1,,12,0,0,0,0,0,0,1,0
501,0,1,1,11000,1,1,,9,0,0,0,0,0,0,1,0
502,0,0,1,19166.67,1,1,,9,1,0,0,0,0,0,0,0
503,0,1,1,4300,0,1,,8,0,0,0,0,0,0,0,0
504,0,0,2,1000,1,1,,8,1,0,0,0,0,0,0,0
505,0,1,1,4000,1,1,,8,0,0,0,0,0,0,0,0
506,0,1,1,1250,0,1,,8,0,0,0,0,0,0,0,0
507,0,0,1,1000,1,1,,7,1,0,0,0,0,0,0,0
508,0,0,2,237500,1,1,,11,1,0,0,0,0,0,0,0
509,0,2,2,1200,1,1,,7,1,0,0,0,0,0,0,0
510,1,1,1,10000,1,1,,8,0,0,0,0,0,0,0,0
511,0,0,2,116600,0,1,,10,0,0,0,0,0,0,0,0
512,0,1,1,140,1,1,,7,0,0,0,0,0,0,1,0
513,0,0,1,300,1,1,,7,1,0,0,0,0,0,0,0
514,0,0,1,1000,0,1,,7,0,0,0,0,0,0,0,0
515,0,1,1,1629.05,1,1,,8,0,0,0,0,0,0,1,0
516,0,0,1,49791.68,1,1,,9,1,0,0,0,0,0,0,0
517,0,1,1,500,1,1,,8,1,0,0,0,0,0,0,0
518,0,0,1,295000,1,1,,10,1,0,0,0,0,0,0,0
519,0,1,1,129200,0,1,,8,0,0,0,0,0,0,0,0
520,2,7,3,116900,1,1,,9,1,0,0,0,0,0,0,0
521,0,0,1,100,0,1,,6,0,0,0,0,0,0,0,0
522,0,1,1,100,1,1,,7,0,0,0,0,0,0,0,0
523,0,1,1,300,0,1,,7,0,0,0,0,0,0,0,0
524,0,1,1,212500,1,1,,10,1,0,0,0,0,0,0,0
525,1,1,2,47250,1,1,3,9,0,0,0,0,0,0,0,0
526,0,1,1,43369.8,1,1,,9,1,0,0,0,0,0,0,0
527,0,1,1,275000,1,1,,12,1,0,0,0,0,0,0,0
528,1,1,3,19650,1,1,,10,0,0,0,0,0,0,0,0
529,0,0,1,500,0,1,,6,0,0,0,0,0,0,0,0
530,0,0,1,70700,0,1,,7,0,0,0,0,0,0,0,0
531,0,0,1,13481.87,1,1,,9,1,0,0,0,0,0,0,0
532,0,3,2,98050.46,1,1,,12,0,0,0,0,0,0,0,0
533,0,1,1,1000,0,1,,6,0,0,0,0,0,0,0,0
534,1,1,3,6000,1,1,,8,1,0,0,0,0,0,0,0
535,0,1,1,42000,0,1,,8,1,0,0,0,0,0,0,0
536,0,0,1,300,0,1,,6,0,0,0,0,0,0,0,0
537,0,0,1,44951.82,0,1,,8,0,0,0,0,0,0,0,0
538,0,0,2,4762.5,0,1,,8,0,0,0,0,0,0,0,0
539,0,0,1,18007.5,1,1,,8,1,0,0,0,0,0,0,0
540,1,1,2,1500,1,1,,8,1,0,0,0,0,0,0,0
541,1,2,1,50233.73,1,1,,9,1,0,0,0,0,0,0,0
542,0,1,1,500,0,1,,6,0,0,0,0,0,0,0,0
543,0,0,1,3550267.22,1,1,3,14,1,0,0,0,0,0,0,0
544,0,0,1,11067,0,1,,7,0,0,0,0,0,0,0,0
545,5,10,3,39350,0,1,1,10,1,0,0,0,0,0,0,0
546,0,2,2,20500,1,1,,11,1,0,0,0,0,0,0,0
547,1,1,2,3715,1,1,,9,1,0,0,0,0,0,0,0
548,0,0,1,5500,1,1,,7,0,1,0,0,0,0,0,0
549,3,11,2,10600,1,1,,11,0,0,0,0,0,0,0,0
550,0,1,1,31875,1,1,,9,1,0,0,0,0,0,0,0
551,0,1,2,12400,1,1,,10,0,0,0,0,0,0,0,0
552,0,1,1,1500,0,1,,7,0,0,0,0,0,0,0,0
553,0,0,2,20960,1,1,,9,1,0,0,0,0,0,1,0
554,0,0,1,300,0,1,,7,0,0,0,0,0,0,1,1
555,0,0,1,5640,0,1,,6,0,0,0,0,0,0,0,0
556,0,0,2,14200,1,1,,9,0,0,0,0,0,0,0,0
557,0,0,1,100,0,1,,7,0,0,0,0,0,0,0,0
558,0,0,1,1843764,0,1,,8,1,0,0,0,0,0,0,0
559,0,0,1,5300,0,1,,9,0,0,0,0,0,0,0,0
560,0,1,1,130000,0,1,,8,0,0,0,0,0,0,0,0
561,0,3,2,54000,0,1,,11,0,0,0,0,0,0,0,0
562,0,1,1,4453268.81,1,1,1,13,1,1,0,0,1,0,0,0
563,0,0,1,3900.3,1,1,,7,1,0,0,0,0,0,0,0
564,1,2,2,35762.19,1,1,,12,1,0,0,0,0,0,0,0
565,0,1,2,260500,1,1,1,11,1,0,0,0,0,0,0,0
566,0,1,1,1500,1,1,,8,1,0,0,0,0,0,0,0
567,0,0,1,686.05,1,1,,7,1,0,0,0,0,0,0,0
568,0,0,1,21.21,0,1,,6,0,0,0,0,0,0,0,0
569,1,1,2,4935.89,1,1,,8,1,0,0,0,0,0,0,0
570,3,6,2,24581,1,1,,9,1,0,0,0,0,0,0,0
571,0,0,5,1045246.86,1,1,,11,1,0,0,0,0,0,0,0
572,0,0,1,30000,1,1,,12,1,0,0,0,0,0,0,0
573,0,0,1,2350,1,1,,9,1,0,0,0,0,0,0,0
574,0,0,1,4045.5,0,1,,6,0,0,0,0,0,0,0,0
575,0,1,2,42300,1,1,,12,1,0,0,0,0,0,0,0
576,0,1,2,2400,1,1,,8,1,0,0,0,0,0,0,0
577,1,2,5,274814,0,1,,12,0,0,0,0,0,0,0,0
578,2,6,3,31560,1,1,,12,1,0,0,0,0,0,0,0
579,0,0,3,869067.27,1,1,1,14,1,0,0,0,0,0,0,0
580,0,0,1,50,1,1,,7,1,0,0,0,0,0,0,0
581,4,7,2,54500,1,1,3,12,1,0,0,0,0,0,0,0
582,14,19,4,375150.89,1,1,3,13,1,0,0,0,0,0,0,0
583,0,4,3,335479.77,1,1,,12,1,1,1,1,1,0,1,0
584,0,0,1,1000,0,1,,6,0,0,0,0,0,0,0,0
585,0,0,1,200,0,1,,6,0,0,0,0,0,0,0,0
586,0,1,1,12833.33,1,1,,9,1,0,0,0,0,0,0,0
587,0,1,1,4000,0,1,,7,0,0,0,0,0,0,0,0
588,0,1,1,30000,1,1,,8,1,1,0,0,0,0,0,0
589,2,15,5,236457,1,1,,13,1,0,0,0,0,0,0,0
590,0,0,3,17818,1,1,,8,0,0,0,0,0,0,0,0
591,0,0,1,5500,1,1,,7,0,0,0,0,0,0,1,0
592,1,1,2,1480,0,1,,7,0,0,0,0,0,0,0,0
593,0,0,2,464.51,0,1,,7,0,0,0,0,0,0,0,0
594,0,0,1,10000,0,1,,7,0,0,0,0,0,0,0,0
595,0,1,1,1428,0,1,,6,0,0,0,0,0,0,0,0
596,0,1,1,14750,0,1,,7,0,0,0,0,0,0,0,0
597,0,1,2,57850,1,1,,9,0,0,0,0,0,0,1,0
598,18,34,7,4933958,0,1,,14,1,1,1,0,0,0,0,0
599,0,1,1,500,0,1,,7,0,0,0,0,0,0,0,0
600,0,1,1,200,0,1,,6,0,0,0,0,0,0,0,0
601,0,1,1,1500,0,1,,6,0,0,0,0,0,0,0,0
602,0,0,2,2000,0,1,,7,0,0,0,0,0,0,0,0
603,4,4,1,94166.68,1,1,,9,1,0,0,0,0,0,0,0
604,0,2,1,11200,1,1,,10,1,0,0,0,0,0,0,0
605,0,1,1,500,0,1,,6,0,0,0,0,0,0,0,0
606,0,1,2,600,1,1,,8,0,0,0,0,0,0,0,0
607,3,5,1,4000,1,1,,7,1,0,0,0,0,0,0,0
608,0,0,1,12000,1,1,,8,1,0,0,0,0,0,0,0
609,1,2,2,25555,1,1,,12,1,0,0,0,0,0,0,0
610,0,0,1,161903.08,1,1,,9,0,0,0,0,0,0,0,0
611,0,0,1,41929.6,1,1,,8,1,0,0,0,0,0,0,0
612,1,1,1,105,1,1,,7,1,0,0,0,0,0,0,0
613,0,0,2,37640.5,1,1,,12,1,0,0,0,0,0,0,0
614,0,1,1,53845,0,1,,9,0,0,0,0,0,0,0,0
615,0,0,1,750,0,1,,6,0,0,0,0,0,0,0,0
616,0,0,1,440445.57,1,1,,11,1,0,0,0,0,0,0,0
617,1,2,1,4500,1,1,,8,1,0,0,0,1,0,0,0
618,0,4,3,62795,1,1,,9,1,0,0,0,1,0,0,0
619,0,0,1,500,1,1,,7,0,0,0,0,0,0,1,0
620,0,0,1,2420.6,1,1,,8,0,0,0,0,0,0,0,0
621,0,1,1,1850,1,1,,8,1,0,0,0,0,0,0,0
622,1,2,3,25050,0,1,,9,0,0,0,0,0,0,0,0
623,1,4,2,565118,1,1,1,12,1,0,1,0,0,0,0,0
624,0,1,1,8333.33,1,1,,7,1,0,0,0,0,0,0,0
625,0,2,1,1343343,1,1,1,14,1,0,0,0,0,0,0,0
626,0,0,1,5000,0,1,,8,0,0,0,0,0,0,0,0
627,0,0,2,2397491.5,1,1,,13,0,0,0,0,0,0,0,0
628,0,0,1,500,1,1,,7,1,0,0,0,0,0,0,0
629,0,1,1,336562.5,1,1,,11,1,0,0,0,0,0,0,0
630,0,1,1,2341.7,1,1,,8,1,0,0,0,0,0,0,0
631,0,0,1,800,1,1,,7,0,0,0,0,0,0,0,0
632,0,1,1,525,1,1,,7,1,0,0,0,0,0,0,0
633,0,0,1,1077,0,1,,6,0,0,0,0,0,0,0,0
634,0,1,1,1304.2,1,1,,7,1,0,0,0,0,0,0,0
635,0,1,3,4450,1,1,,9,0,0,0,0,0,0,0,0
636,0,1,1,4000,1,1,,7,1,0,0,0,0,0,0,0
637,2,6,1,6445,1,1,,8,1,0,0,0,0,0,0,0
638,0,0,1,5000,0,1,,6,0,0,1,0,1,1,1,0
639,0,0,1,580,1,1,,7,0,0,0,0,0,0,0,0
640,4,5,4,352527.5,0,1,,12,0,0,0,0,0,0,0,0
641,0,1,1,1500,0,1,,6,0,0,0,0,0,0,0,0
642,0,1,1,1000,0,1,,6,0,0,0,0,0,0,0,0
643,0,1,2,1250,1,1,,9,1,0,0,0,0,0,0,0
644,1,6,2,15100,1,1,,9,1,0,0,0,0,0,0,0
645,2,5,1,3000,0,1,,6,0,0,0,0,0,0,0,0
646,0,1,1,19166.67,1,1,,8,1,0,0,0,1,0,0,0
647,32,56,6,1430123.97,1,1,1,14,1,0,0,0,0,0,0,0
648,0,1,2,580,1,1,,8,1,0,0,0,0,0,0,0
649,0,1,1,103875,1,1,,11,1,0,0,0,0,0,0,0
650,0,0,1,652.55,1,1,,7,1,0,0,0,0,0,0,0
651,0,0,1,4991.5,1,1,,7,0,0,0,0,0,0,0,0
652,0,1,1,11523.1,1,1,,10,1,0,0,0,0,0,0,0
653,3,14,7,664007.16,1,1,3,14,0,0,0,0,0,0,1,0
654,0,0,1,1213450,0,1,,11,1,0,0,0,0,0,0,0
655,5,7,2,1250,0,1,,8,0,0,0,0,0,0,0,0
656,0,1,2,302.7,1,1,,8,1,0,0,0,0,0,0,0
657,0,1,1,398.09,1,1,,7,0,0,0,0,0,0,1,0
658,0,0,1,5390,0,1,,6,0,0,0,0,0,0,0,0
659,0,1,1,3685.48,1,1,,7,1,0,0,0,0,0,0,0
660,0,1,1,20000,1,1,,10,1,0,0,0,0,0,0,0
661,0,2,1,2000,1,1,,7,0,0,0,0,0,0,0,0
662,0,2,2,51500,0,1,,9,1,0,0,0,0,0,0,0
663,2,4,3,10518900.43,1,1,1,15,1,0,0,0,0,0,0,0
664,0,0,1,5000,1,1,,7,1,0,0,0,0,0,0,0
665,1,1,4,585,1,1,,9,0,0,0,0,0,0,0,0
666,0,2,5,234000,1,1,3,14,1,0,0,0,1,0,0,0
667,0,0,1,65000,0,1,,8,1,0,0,0,0,0,0,0
668,0,1,1,9050,1,1,3,10,1,0,0,0,0,0,0,0
669,0,0,1,38300,1,1,,9,1,0,0,0,0,0,0,0
670,0,1,1,200000,1,1,,9,0,0,0,0,0,0,1,0
671,0,2,1,52412,0,1,,7,0,0,0,0,0,0,0,0
672,0,2,2,1559,0,1,,6,0,0,0,0,0,0,0,0
673,0,0,1,8808.94,0,1,,7,0,0,0,0,0,0,0,0
674,1,6,7,2353927.5,1,1,3,15,1,0,0,0,1,0,0,0
675,0,0,1,1236.2,0,1,,7,0,0,0,0,0,0,0,0
676,0,0,1,52600,1,1,1,12,1,0,0,0,0,0,0,0
677,0,1,1,15625,0,1,,8,0,0,0,0,0,0,0,0
678,0,0,1,400,0,1,,6,0,0,0,0,0,0,0,0
679,1,1,3,7750,1,1,1,12,1,0,0,0,0,0,0,0
680,0,1,1,1500,0,1,,6,0,0,0,0,0,0,0,0
681,0,0,1,200,1,1,,7,1,0,0,0,0,0,0,0
682,0,0,1,225,0,1,,6,0,0,0,0,0,0,0,0
683,0,1,1,17315,0,1,,8,0,0,0,0,0,0,0,0
684,0,0,1,3500,0,1,,6,0,0,0,0,0,0,0,0
685,0,1,1,500,0,1,,6,0,0,0,0,0,0,0,0
686,0,0,2,68729.3,1,1,1,8,0,1,0,0,0,0,0,0
687,0,1,1,25000,0,1,,5,0,0,0,0,0,0,0,0
688,0,2,1,7000,1,1,,8,1,0,0,0,0,0,0,0
689,0,0,2,6750,0,1,,6,0,0,0,0,0,0,0,0
690,0,2,1,1892300,1,1,,12,0,0,0,0,0,0,0,0
691,0,0,1,41263.2,1,1,,10,1,0,0,0,0,0,0,0
692,0,1,1,533659.53,1,1,,13,1,0,0,0,0,0,0,0
693,0,1,1,8000,1,1,,7,1,0,0,0,0,0,0,0
694,8,15,2,19719,1,1,,12,1,0,0,0,0,0,0,0
695,0,0,2,7625,1,1,,7,1,0,0,0,0,0,0,0
696,1,1,1,310.57,1,1,,7,0,0,0,0,0,0,0,0
697,0,0,1,2697,0,1,,6,0,0,0,0,0,0,0,0
698,0,0,1,715000,1,1,,10,1,0,0,0,0,0,0,0
699,0,1,1,1285.1,1,1,,7,1,0,0,0,0,0,0,0
700,0,0,1,1500,0,1,,7,0,0,0,0,0,0,0,0
701,0,0,1,900,1,1,,7,1,0,0,0,0,0,0,0
702,0,1,1,10000,1,1,,8,0,0,0,0,1,0,0,0
703,1,10,3,404268.33,1,1,,12,1,1,1,0,1,0,1,0
704,0,1,2,4865,0,1,,10,0,0,0,0,0,0,0,0
705,0,3,4,665422.38,1,1,1,14,1,0,0,0,0,0,0,0
706,0,2,1,245370.09,1,1,3,13,1,0,0,0,0,0,0,0
707,0,0,1,14331.75,1,1,,9,1,0,0,0,0,0,0,0
708,0,0,1,75.4,0,1,,6,0,0,0,0,0,0,0,0
709,0,1,2,1000000,1,1,1,13,1,0,0,0,0,0,0,0
710,0,0,1,12564.75,1,1,,10,1,0,0,0,0,0,0,0
711,0,0,1,124464,1,1,,11,1,0,0,0,0,0,0,0
712,0,1,1,2500,1,1,,7,1,0,0,0,0,0,1,0
713,0,1,1,250,0,1,,6,0,0,0,0,0,0,0,0
714,0,1,1,2000,1,1,,7,1,0,0,0,0,0,0,0
715,0,0,1,3600,0,1,,10,0,0,0,0,0,0,0,0
716,0,0,1,5500,1,1,,5,0,0,0,0,0,0,1,0
717,0,0,1,1500,0,1,,6,0,0,0,0,0,0,0,0
718,0,0,2,6630,1,1,,10,1,0,0,0,0,0,0,0
719,0,2,1,5500,0,1,,6,0,0,0,0,0,0,0,0
720,1,2,1,350,1,1,,8,0,0,0,0,0,0,0,0
721,0,1,1,650000,0,1,,11,1,0,0,0,0,0,0,0
722,0,0,1,36752.3,1,1,,10,1,0,0,0,0,0,0,0
723,0,0,1,7500,1,1,,7,1,0,0,0,0,0,0,0
724,0,1,1,1807.33,0,1,,7,0,0,0,0,0,0,0,0
725,0,0,1,18000,0,1,,8,0,0,0,0,0,0,0,0
726,0,0,1,7494.9,0,1,,6,0,0,0,0,0,0,0,0
727,0,0,1,82044,1,1,,10,1,0,0,0,0,0,0,0
728,0,0,1,2156,0,1,,6,0,0,0,0,0,0,0,0
729,0,1,5,555,0,1,,9,0,0,0,0,0,0,0,0
730,26,57,7,1334694.57,1,1,,15,1,0,0,0,0,0,0,0
731,0,1,1,777.3,1,1,,7,1,0,1,0,0,0,0,0
732,0,1,1,1170.09,1,1,,10,0,0,0,0,0,0,0,0
733,0,0,1,1000,0,1,,6,0,0,0,0,0,0,0,0
734,17,30,5,511126.08,1,1,3,14,0,0,0,0,0,0,0,0
735,0,1,1,259316.98,0,1,,10,0,0,0,0,0,0,0,0
736,0,0,2,212500,1,1,1,10,1,0,0,0,0,0,0,0
737,0,0,1,500,1,1,,7,1,0,0,0,0,0,0,0
738,0,0,2,1000,1,1,,8,1,0,0,0,0,0,0,0
739,2,2,6,29370.54,1,1,,13,0,0,0,0,0,0,0,0
740,0,0,2,9340.13,0,1,,7,0,0,0,0,0,0,0,0
741,0,1,2,88588,1,1,,10,1,0,0,0,0,0,0,0
742,0,2,4,179713.96,1,1,,12,0,0,0,0,0,0,0,0
743,19,33,5,17909.74,1,1,,11,1,0,1,0,1,0,0,0
744,0,3,2,1722000,1,1,,11,1,0,0,0,0,0,0,0
745,1,1,1,2318.34,1,1,,7,0,0,0,0,0,0,1,0
746,0,1,2,1900,1,1,,8,0,0,0,0,0,0,0,0
747,0,1,1,500,1,1,,7,1,0,0,0,0,0,0,0
748,0,1,1,945,0,1,,7,0,0,0,0,0,0,0,0
749,0,0,1,1200,0,1,,7,0,0,0,0,0,0,0,0
750,0,0,2,139564.58,1,1,,10,0,0,0,0,0,0,0,0
751,0,0,1,19619.65,0,1,,7,0,0,0,0,0,0,0,0
752,0,0,1,3229.95,0,1,,7,0,0,0,0,0,0,0,0
753,0,1,1,1500,1,1,,7,1,0,0,0,0,0,0,0
754,0,0,2,275474,1,1,,12,0,0,0,0,1,0,1,0
755,1,3,5,493855.77,1,1,,13,0,0,0,0,0,0,1,0
756,0,1,1,4356.7,1,1,,9,1,0,0,0,0,0,0,0
757,0,2,3,1873315.95,1,1,,14,1,0,1,1,0,0,0,0
758,0,0,2,7500,1,1,,8,1,0,0,0,0,0,0,0
759,0,1,1,500,1,1,,7,1,0,0,0,0,0,0,0
760,0,3,3,75499.67,0,1,,10,0,0,0,0,0,0,0,0
761,0,1,1,470,0,1,,6,0,0,0,0,0,0,0,0
762,0,0,1,304923.58,0,1,,12,0,0,0,0,0,0,0,0
763,0,2,1,22019,1,1,,10,0,0,0,0,0,0,0,0
764,1,4,3,135000,0,1,,9,1,1,1,1,1,0,0,0
765,1,2,1,11120,0,1,,8,1,0,1,0,0,0,0,0
766,0,1,1,2000,0,1,,6,0,0,0,0,0,0,0,0
767,0,3,2,19670.4,1,1,,9,1,0,0,0,0,0,0,0
768,6,9,1,305432.13,1,1,,10,1,0,0,0,1,0,0,0
769,0,0,1,3237,0,1,,8,0,0,0,0,0,0,0,0
770,0,1,1,235,0,1,,7,0,0,0,0,0,0,0,0
771,5,9,6,255142.29,1,1,,13,1,0,1,0,0,0,1,0
772,0,0,1,10850,1,1,,11,1,0,0,0,0,0,0,0
773,1,6,2,267475,1,1,,14,1,0,0,0,0,0,0,0
774,2,5,2,8500,1,1,,8,1,0,0,0,0,0,0,0
775,0,0,1,5000,0,1,,6,0,0,0,0,0,0,0,0
776,0,1,1,400,0,1,,7,0,0,0,0,0,0,0,0
777,0,1,1,19166.67,1,1,,8,1,0,0,0,0,0,0,0
778,0,0,1,500,0,1,,6,0,0,0,0,0,0,0,0
779,3,16,7,61436171.09,1,1,,15,1,0,1,0,1,0,1,0
780,0,3,2,2450,1,1,,8,1,0,0,0,0,0,0,0
781,0,1,1,5000,1,1,,7,0,0,0,0,0,0,0,0
782,1,1,1,4000,1,1,,7,0,0,0,0,0,0,0,0
783,0,0,1,345000,1,1,,12,1,0,0,0,0,0,0,0
784,0,1,2,160000,0,1,,11,0,0,0,0,0,0,0,0
785,0,0,1,17500,1,1,,11,1,0,0,0,0,0,0,0
786,10,31,7,615388.28,1,1,,15,0,0,0,0,0,0,0,0
787,0,1,2,550,1,1,,8,0,0,0,0,0,0,0,0
788,0,0,1,127069.96,0,1,,9,0,0,0,0,0,0,0,0
789,0,0,1,15625,0,1,,8,0,0,0,0,0,0,0,0
790,7,11,4,109603,1,1,,12,1,0,1,1,1,0,1,0
791,0,1,1,120,1,1,,7,0,0,0,0,0,0,1,0
792,0,1,1,1600,1,1,,5,1,0,0,0,0,0,0,0
793,0,1,4,11250,0,1,,9,0,0,0,0,0,0,0,0
794,11,23,5,113775.1,1,1,,12,1,0,0,0,1,0,0,0
795,0,1,3,1494755.72,1,1,1,13,1,0,1,0,0,0,0,0
796,0,0,1,1259342.47,0,1,,12,0,0,0,0,0,0,0,0
797,1,3,2,18196,0,1,,8,0,0,0,0,0,0,0,0
798,0,1,1,1298,1,1,,7,1,0,0,0,0,0,0,0
799,0,0,2,550,0,1,,7,0,0,0,0,0,0,0,0
800,0,0,4,388297.85,0,1,,13,0,0,0,0,0,0,0,0
801,0,1,1,1000,1,1,,7,1,0,0,0,0,0,0,0
802,0,2,2,170107.98,1,1,,11,1,0,0,0,0,0,0,0
803,2,2,1,500,0,1,,7,0,0,0,0,0,0,0,0
804,0,0,1,5250,1,1,,7,1,0,0,0,0,0,0,0
805,0,0,1,3000,1,1,,7,1,0,0,0,0,0,0,0
806,0,1,1,5000,1,1,,7,1,0,0,0,0,0,0,0
807,0,0,1,96776.22,1,1,,8,1,0,0,0,0,0,0,0
808,2,3,3,7000,0,1,,10,0,0,0,0,0,0,0,0
809,0,1,1,13000,0,1,,11,0,0,0,0,0,0,0,0
810,1,3,1,2400,1,1,,7,1,0,0,0,0,0,0,0
811,0,2,2,15200,1,1,,9,1,0,0,0,0,0,0,0
812,12,19,7,1140608,0,1,,15,0,0,0,0,0,0,0,0
813,0,0,1,11000,1,1,,10,1,0,0,0,0,0,0,0
814,0,0,1,300,0,1,,6,0,0,0,0,0,0,0,0
815,1,1,2,497728,0,1,,12,1,0,0,0,0,0,0,0
816,0,0,1,320.88,1,1,,7,1,0,1,0,1,0,0,0
817,0,0,2,1050,1,1,,9,1,0,0,0,0,0,0,0
818,3,34,6,1843538.14,0,1,,15,1,1,1,0,1,1,1,0
819,0,1,2,25404498.09,1,1,,15,1,0,0,0,0,0,0,0
820,1,2,1,22000,0,1,,10,1,0,1,0,0,0,0,0
821,0,1,5,5724.5,0,1,,8,0,0,0,0,0,0,0,0
822,0,7,2,28705,1,1,,10,1,0,0,0,0,0,0,0
823,0,1,3,162981.23,1,1,3,10,0,0,0,0,0,0,0,0
824,0,0,2,100000,1,1,,10,0,0,0,0,0,0,0,0
825,0,1,1,100,0,1,,6,0,0,0,0,0,0,0,0
826,0,1,3,250,1,1,,9,0,0,0,0,0,0,0,0
827,0,0,1,32925,0,1,,8,0,0,0,0,0,0,0,0
828,1,3,1,2101.44,1,1,,7,0,0,0,0,0,0,0,0
829,0,0,1,23499.52,1,1,,9,1,0,0,0,0,0,0,0
830,0,1,2,17930,1,1,,8,1,0,0,0,0,0,0,0
831,2,5,1,8750,1,1,,7,1,0,0,0,1,0,0,0
832,0,1,1,12000,0,1,,7,0,0,0,0,0,0,0,0
833,1,4,4,517953.5,1,1,,13,1,0,0,0,0,0,0,0
834,0,0,1,40525,1,1,,12,1,0,0,0,0,0,0,0
835,0,0,2,4800,1,1,,8,1,0,0,0,0,0,0,0
836,10,20,7,338081,1,1,1,14,1,1,0,0,1,1,1,0
837,0,0,1,11125,1,1,,8,1,0,0,0,0,0,0,0
838,0,1,1,25000,1,1,,12,1,0,0,0,0,0,0,0
839,0,1,1,4166.67,1,1,,7,1,0,0,0,0,0,0,0
840,0,0,1,749.7,0,1,,6,0,0,0,0,0,0,0,0
841,0,2,3,107619,0,1,,11,0,0,0,0,0,0,0,0
842,0,1,1,73774.35,1,1,,11,1,0,0,0,0,0,0,0
843,0,1,1,23547.88,1,1,,8,1,0,0,0,0,0,0,0
844,0,0,1,3540.16,0,1,,7,0,0,0,0,0,0,0,0
845,0,0,1,100,0,1,,6,0,0,0,0,0,0,0,0
846,0,1,1,4200,0,1,,6,0,0,0,0,0,0,0,0
847,0,0,1,20,0,1,,6,0,0,0,0,0,0,0,0
848,0,1,1,130000,1,1,,10,1,0,0,0,0,0,0,0
849,0,0,1,3750,1,1,,7,1,0,0,0,0,0,0,0
850,1,2,1,14000,1,1,,9,1,0,0,0,0,0,0,0
851,0,1,1,15625,0,1,,7,0,0,0,0,0,0,0,0
852,1,3,1,13350,1,1,,12,1,0,0,0,0,0,0,0
853,0,0,3,16300,0,1,,9,0,0,0,0,0,0,0,0
854,0,1,1,2740.98,0,1,,6,0,0,0,0,0,0,0,0
855,0,1,1,650,1,1,,8,1,0,0,0,0,0,0,0
856,3,4,3,3110388.69,1,1,,15,1,1,0,0,1,0,0,0
857,0,1,1,135,1,1,,8,0,0,0,0,0,0,0,0
858,0,3,4,38300,0,1,,11,0,0,0,0,0,0,0,0
859,0,1,1,8159.04,0,1,,6,0,0,0,0,0,0,0,0
860,0,1,1,306750,1,1,,11,1,0,0,0,0,0,0,0
861,0,0,1,3563.66,1,1,,9,0,0,0,0,0,0,0,0
862,0,0,1,1500,0,1,,7,1,0,0,0,0,0,0,0
863,0,1,1,350,0,1,,6,0,0,0,0,0,0,0,0
864,0,1,1,1250,1,1,,7,1,0,0,0,0,0,0,0
865,0,1,2,15000,1,1,,10,1,0,0,0,0,0,0,0
866,0,1,1,100,0,1,,7,0,0,0,0,0,0,0,0
867,6,15,2,14000,1,1,,9,0,0,0,1,0,0,0,0
868,0,2,1,46146.75,1,1,,9,0,0,0,0,0,0,0,0
869,4,7,2,40776,1,1,,9,0,0,0,0,1,0,0,0
870,0,1,1,11500,0,1,,10,0,0,0,0,0,0,0,0
871,0,0,1,2800,0,1,,7,0,0,0,0,0,0,0,0
872,4,20,5,493237.75,1,1,,14,0,1,1,0,1,0,1,1
873,1,1,1,141877.67,1,1,,10,1,0,0,0,0,0,0,0
874,0,0,1,15679,1,1,,9,1,0,0,0,0,0,0,0
875,0,0,1,1500,0,1,,6,0,0,0,0,0,0,0,0
876,1,2,3,105000,0,1,,10,0,0,0,0,0,0,0,0
877,0,0,1,200,1,1,,7,1,0,0,0,0,0,0,0
878,0,2,4,198993.42,0,1,1,11,0,0,0,0,0,0,0,0
879,0,0,1,136145.84,1,1,,11,1,0,0,0,0,0,0,0
880,0,3,1,268020,1,1,,12,1,0,0,0,0,0,0,0
881,1,5,6,3240000,1,1,,15,1,0,1,0,0,0,0,0
882,0,3,1,73000,1,1,,11,0,0,0,0,0,0,0,0
883,0,1,2,1790,0,1,,9,0,0,0,0,0,0,0,0
884,1,1,1,12557,1,1,,8,1,0,0,0,0,0,0,0
885,0,1,1,2500,0,1,,6,0,0,0,0,0,0,0,0
886,0,0,1,4250,1,1,,9,0,0,0,0,0,0,0,0
887,0,0,3,21612.66,1,1,3,10,0,0,0,0,0,0,0,0
888,1,2,1,703.81,0,1,,7,0,0,0,0,0,0,0,0
889,0,0,1,67776.25,1,1,,10,1,0,0,0,0,0,0,0
890,1,4,1,50000,0,1,,8,1,0,1,0,0,0,1,0
891,1,1,4,13918.59,1,1,,10,0,0,0,0,0,0,1,0
892,1,1,2,3550,1,1,,8,1,0,0,0,0,0,0,0
893,0,0,2,119225.19,1,1,1,13,1,0,0,0,0,0,0,0
894,0,1,2,1500,1,1,,8,1,0,0,0,0,0,0,0
895,0,0,1,200,0,1,,7,0,0,0,0,0,0,0,0
896,0,0,1,20000,1,1,,8,0,0,0,0,0,0,0,0
897,1,8,1,58868,0,1,,9,0,0,0,0,1,0,0,0
898,0,1,1,100,0,1,,6,0,0,0,0,0,0,0,0
899,0,1,1,82799.13,1,1,,9,0,0,0,0,0,0,0,0
900,1,2,3,3633000,0,1,,10,0,0,0,0,0,0,0,0
901,2,2,4,184800,1,1,,13,1,0,0,1,1,0,1,0
902,0,1,1,300,0,1,,7,0,0,0,0,0,0,0,0
903,0,1,1,91586.24,1,1,,12,1,0,0,0,0,0,0,0
904,0,1,3,54670,1,1,,12,1,0,0,0,0,0,1,0
905,0,1,1,137635,0,1,,11,0,0,0,0,0,0,0,0
906,0,1,1,15000,0,1,,7,0,0,0,0,0,0,0,0
907,0,0,3,400,1,1,,9,1,0,0,0,0,0,0,0
908,0,0,1,36219.63,1,1,,11,1,0,0,0,0,0,0,0
909,0,0,1,1000,1,1,,7,1,0,0,0,0,0,0,0
910,0,1,1,64310.5,0,1,,9,0,0,0,0,1,0,0,0
911,0,1,1,250,1,1,,7,0,0,0,0,0,0,0,0
912,3,5,2,24460,1,1,,12,1,0,0,0,0,0,0,0
913,0,0,1,1175.1,0,1,,6,1,0,1,0,0,0,0,0
914,0,0,1,500,1,1,,7,1,0,0,0,0,0,0,0
915,0,0,2,8300,1,1,,9,1,0,0,0,1,0,0,0
916,0,0,1,215,1,1,,9,0,0,0,0,0,0,1,0
917,0,1,1,360,0,1,,7,0,0,0,0,0,0,0,0
918,1,1,1,500,0,1,,6,0,0,0,0,0,0,0,0
919,0,0,3,146330,0,1,,12,0,0,0,0,0,0,0,0
920,0,0,7,6996.41,1,1,,12,0,0,0,0,0,0,0,0
921,0,1,1,159675,1,1,,9,1,0,0,0,0,0,0,0
922,0,0,1,5631,0,1,,6,0,0,0,0,0,0,0,0
923,0,1,1,500,1,1,,7,0,0,0,0,0,0,0,0
924,3,3,2,3600,1,1,,7,1,0,0,0,0,0,0,0
925,0,4,5,45750,0,1,,10,0,0,0,0,0,0,0,0
926,2,2,3,5050,1,1,,9,1,0,0,0,0,0,0,0
927,0,0,1,48096,0,1,,7,0,0,0,0,0,0,0,0
928,0,1,2,450,0,1,,9,0,0,0,0,0,0,0,0
929,0,0,1,39908.43,1,1,,8,1,0,0,0,0,0,0,0
930,0,1,1,3960,1,1,,8,1,0,0,0,0,0,0,0
931,0,4,6,6406154,1,1,,15,1,0,0,0,0,0,0,0
932,0,1,3,600,0,1,,8,0,0,0,0,0,0,0,0
933,1,2,2,7200,1,1,,7,1,0,0,0,0,0,0,0
934,0,0,1,1000,0,1,,6,0,0,0,0,0,0,0,0
935,0,1,1,4871.54,1,1,,8,1,0,0,0,0,0,0,0
936,0,1,1,2425,1,1,,9,1,0,0,0,0,0,0,0
937,0,1,1,200,1,1,,7,0,0,0,0,0,0,0,0
938,0,1,1,700,0,1,,7,0,0,0,0,0,0,0,0
939,0,1,1,50,0,1,,6,0,0,0,0,0,0,0,0
940,1,1,1,100,0,1,,6,0,0,0,0,0,0,0,0
941,4,17,5,3559050,1,1,,14,0,0,0,0,0,0,0,0
942,0,1,1,13109.4,1,1,,9,0,0,0,0,0,0,0,0
943,0,1,1,2000,1,1,,7,1,0,0,0,0,0,0,0
944,0,1,1,250,1,1,,7,1,0,0,0,0,0,0,0
945,0,2,1,3501902.27,1,1,3,14,1,0,0,0,0,0,0,0
946,1,2,2,1303.6,0,1,,7,0,0,0,0,0,0,0,0
947,0,1,2,525,0,1,,10,0,0,0,0,0,0,0,0
948,0,2,2,58000,0,1,,9,0,0,0,0,0,0,0,0
949,0,0,1,951836.27,1,1,,10,0,0,0,0,0,0,0,0
950,0,0,1,1000,0,1,,7,0,0,0,0,0,0,0,0
951,0,0,1,1000,1,1,,8,1,0,0,0,0,0,0,0
952,0,0,1,200,0,1,,7,0,0,0,0,0,0,0,0
953,2,3,2,1325000,1,1,,13,1,0,1,0,1,1,1,0
954,0,0,1,200,0,1,,6,0,0,0,0,0,0,0,0
955,1,1,1,115000,1,1,,10,1,0,0,0,0,0,0,0
956,0,0,1,184941.1,1,1,,10,0,0,0,0,0,0,0,0
957,0,0,1,500,0,1,,6,0,0,0,0,0,0,0,0
958,0,1,3,1500,1,1,,8,0,0,0,0,0,0,1,0
959,0,1,2,1000,1,1,,8,1,0,0,0,0,0,0,0
960,1,3,2,239777.78,1,1,,11,1,0,0,0,0,0,0,0
961,1,1,5,116350,1,1,,9,1,0,0,0,0,0,0,0
962,0,0,1,160000,0,1,,10,0,0,0,0,0,0,0,0
963,0,1,1,5500,0,1,,6,0,0,0,0,0,0,0,0
964,0,1,1,160000,0,1,,8,0,0,0,0,0,0,0,0
965,0,0,1,3476.31,1,1,,7,0,0,0,1,0,0,1,1
966,0,3,2,32925,1,1,,11,0,0,0,0,0,0,0,0
967,0,1,2,4000.95,1,1,,8,1,0,0,0,0,0,0,0
968,0,1,3,1640,1,1,,8,0,0,0,0,0,0,0,0
969,0,1,1,10000,1,1,,9,1,0,0,0,0,0,0,0
970,1,5,1,5500,0,1,,7,0,0,0,0,0,0,0,0
971,0,1,2,36641.95,1,1,,9,1,0,0,0,0,0,0,0
972,0,1,2,2150,0,1,,8,0,0,0,0,0,0,0,0
973,0,0,2,304000,1,1,,11,1,0,0,0,0,0,0,0
974,1,1,3,33078.5,1,1,,9,0,0,0,0,0,0,0,0
975,0,2,1,5500,0,1,,6,0,0,0,0,0,0,0,0
976,5,14,3,398600,1,1,,14,1,0,1,0,0,0,0,0
977,6,9,2,68771.37,1,1,1,9,1,0,0,0,0,0,0,0
978,0,0,1,1300,0,1,,7,0,0,0,0,0,0,0,0
979,1,1,2,44200,1,1,,9,1,0,0,0,0,0,0,0
980,0,0,1,709069.15,1,1,,11,1,0,0,0,0,0,0,0
981,0,1,2,579465.63,1,1,1,14,1,0,0,0,0,0,0,0
982,0,1,1,18000,1,1,,9,1,0,0,0,0,0,0,0
983,0,2,3,794843.92,0,1,,11,1,0,1,0,1,0,0,0
984,6,24,5,11801832.94,0,1,,13,0,0,0,0,0,0,0,0
985,0,0,1,1000,0,1,,7,0,0,0,0,0,0,0,0
986,0,0,1,100,1,1,,7,1,0,0,0,0,0,0,0
987,8,29,6,1005125.59,1,1,,15,0,0,0,0,1,0,1,0
988,0,1,1,4196.25,1,1,,7,1,0,0,0,0,0,0,0
989,0,1,1,19323,1,1,,8,1,1,1,1,1,1,1,0
990,0,1,3,1675,1,1,,11,1,0,0,0,0,0,0,0
991,6,11,7,55464.17,1,1,,11,1,0,0,0,0,0,0,0
992,2,14,5,680547.71,1,1,,13,1,0,0,0,1,0,0,0
993,0,0,1,220,0,1,,9,0,0,0,0,0,0,0,0
994,2,3,5,104150,1,1,,13,1,0,0,0,1,0,0,0
995,1,2,2,14790535.96,1,1,1,13,1,0,0,0,0,0,0,0
996,0,0,1,940,0,1,,6,0,0,0,0,0,0,0,0
997,0,1,2,224102.15,1,1,,13,1,1,1,0,1,0,0,0
998,0,1,1,500,1,1,,7,1,0,0,0,0,0,0,0
999,0,0,1,3000,1,1,,8,0,0,0,0,0,0,0,0
1000,1,1,1,8000,0,1,,7,0,0,0,0,0,0,0,0
1001,0,0,2,7181.01,1,1,,9,1,0,0,0,0,0,0,0
1002,0,4,4,1651000,1,1,,15,1,0,0,0,1,0,0,0
1003,17,35,6,149325,1,1,3,13,1,0,1,0,1,0,1,0
1004,0,1,1,100,1,1,,7,1,0,0,0,0,0,0,0
1005,1,3,2,1500,1,1,,8,1,0,0,0,0,0,0,0
1006,0,3,2,37350,0,1,,11,0,0,0,0,0,0,0,0
1007,0,0,2,3000,1,1,,8,1,0,0,0,0,0,0,0
1008,0,0,1,3463360,1,1,,12,1,0,0,0,0,0,0,0
1009,0,0,1,400,1,1,,7,0,0,0,0,0,0,1,0
1010,38,79,5,6713765.67,1,1,1,15,1,0,0,0,0,0,0,0
1011,0,1,3,65000,0,1,,11,1,0,0,0,0,0,0,0
1012,0,1,1,1000,0,1,,6,0,0,0,0,0,0,0,0
1013,0,2,1,16534,0,1,,8,0,0,0,0,0,0,0,0
1014,0,1,1,250,0,1,,8,0,0,0,0,0,0,0,0
1015,2,2,3,81272.34,1,1,,12,1,0,0,0,0,0,0,0
1016,0,1,1,750,1,1,,7,1,0,0,0,0,0,0,0
1017,0,1,1,1458,0,1,,6,0,0,0,0,0,0,0,0
1018,0,1,1,119.95,0,1,,7,0,0,0,0,0,0,0,0
1019,0,0,2,28384,0,1,,8,0,0,0,0,0,0,0,0
1020,0,0,1,1000,1,1,,7,0,0,0,0,0,0,1,0
1021,0,1,1,15000,1,1,,8,1,0,0,0,0,0,0,0
1022,0,0,1,5000,0,1,,6,0,0,0,0,0,0,0,0
1023,0,0,1,5000,1,1,,8,1,0,0,0,0,0,0,0
1024,19,36,6,164992.16,1,1,,13,0,0,0,0,1,0,0,0
1025,0,0,1,92483.27,1,1,,8,0,0,0,0,0,0,0,0
1026,3,4,4,728000,1,1,,13,1,0,0,0,0,0,0,0
1027,0,1,1,389424.23,0,1,,10,0,0,0,0,0,0,0,0
1028,0,3,3,1762399,1,1,,14,1,0,1,0,1,0,1,0
1029,0,0,1,1846310.97,1,1,,12,1,0,0,0,0,0,0,0
1030,0,0,2,58097,0,1,,7,1,0,0,0,0,0,0,0
1031,2,4,1,4375,1,1,,7,1,0,0,0,1,0,0,0
1032,4,7,1,63695.38,1,1,,10,1,0,1,0,0,0,0,0
1033,0,0,1,1000,1,1,,7,1,0,0,0,0,0,0,0
1034,0,0,1,450.08,0,1,,6,0,0,0,0,0,0,0,0
1035,0,1,2,385889.93,0,1,,10,0,0,0,0,0,0,0,0
1036,0,1,1,7223466.66,0,1,,10,0,0,0,0,0,0,0,0
1037,0,0,2,3725,1,1,,9,1,0,0,0,0,0,0,0
1038,0,1,1,1000,0,1,,7,0,0,0,0,0,0,0,0
1039,0,2,1,24500,1,1,,11,1,0,0,0,0,0,0,0
1040,0,1,1,3750,1,1,,8,1,0,0,0,0,0,1,0
1041,0,0,1,34053.85,0,1,,7,0,0,0,0,0,0,0,0
1042,1,1,2,675,1,1,,9,0,0,0,0,0,0,0,0
1043,0,0,1,2250,1,1,,8,1,0,0,0,0,0,0,0
1044,0,0,1,1300.1,1,1,,7,1,0,0,0,0,0,0,0
1045,0,0,1,250,0,1,,7,0,0,0,0,0,0,0,0
1046,0,1,1,11000,1,1,,10,1,0,1,0,1,0,0,0
1047,0,0,1,15000,0,1,,7,0,0,0,0,0,0,0,0
1048,0,0,1,42800,0,1,,7,0,0,0,0,0,0,0,0
1049,2,15,6,841436.67,1,1,,14,1,0,0,0,0,0,1,0
1050,0,0,1,2500,1,1,,8,1,0,0,0,0,0,0,0
1051,1,3,2,22500,1,1,,12,1,0,0,0,0,0,0,0
1052,0,1,2,2334.45,1,1,,8,1,0,0,0,0,0,0,0
1053,0,0,2,30100,1,1,,8,0,0,0,0,0,0,0,0
1054,0,0,2,258453.5,1,1,,13,0,0,0,0,0,0,0,0
1055,0,0,2,472143.47,1,1,,11,0,1,0,0,0,0,0,0
1056,0,0,1,1156104.49,1,1,,11,1,0,0,0,0,0,0,0
1057,0,1,5,473000,0,1,,10,0,0,0,0,0,0,0,0
1058,0,0,3,350,0,1,,7,0,0,0,0,0,0,0,0
1059,0,1,1,2000,1,1,,8,0,0,0,0,0,0,0,0
1060,0,0,1,5536.35,1,1,,8,1,0,0,0,0,0,0,0
1061,0,1,1,3500,1,1,,8,1,0,0,0,0,0,0,0
1062,0,1,1,100,1,1,,7,1,0,0,0,0,0,0,0
1063,0,1,1,3000000,1,1,,12,1,0,0,0,0,0,0,0
1064,0,0,1,2500,0,1,,7,0,0,0,0,0,0,0,0
1065,0,1,1,4914.47,0,1,,6,0,0,0,0,0,0,0,0
1066,4,9,3,46000,1,1,,12,1,0,0,0,0,0,0,0
1067,0,1,1,420,1,1,,7,0,1,0,0,0,0,0,0
1068,0,1,1,1500,1,1,,8,1,0,0,0,0,0,0,0
1069,0,1,1,400,1,1,,7,1,0,0,0,0,0,0,0
1070,0,0,1,1700,1,1,,8,1,0,0,0,0,0,0,0
1071,1,1,1,368.07,1,1,,8,1,0,0,0,0,0,0,0
1072,0,0,1,10000,0,1,,7,0,0,0,0,0,0,0,0
1073,0,0,1,217006.59,1,1,,10,1,0,0,0,0,0,0,0
1074,0,0,1,429973,0,1,,10,0,0,0,0,0,0,0,0
1075,0,1,1,219.45,1,1,,7,0,0,0,0,0,0,1,0
1076,0,1,2,4500,1,1,,8,0,0,0,0,0,0,0,0
1077,0,1,1,15625,0,1,,7,0,0,0,0,0,0,0,0
1078,0,0,1,8900,0,1,,7,0,0,0,0,0,0,0,0
1079,0,1,1,1588.8,0,1,,6,0,0,0,0,0,0,0,0
1080,9,23,5,204405,0,1,,10,1,1,1,0,1,0,0,0
1081,0,0,1,1670.63,1,1,,7,1,0,0,0,0,0,0,0
1082,0,1,2,222300,1,1,,11,1,0,0,0,0,0,0,0
1083,0,1,1,1300,0,1,,7,0,0,0,0,0,0,0,0
1084,1,3,2,26900,1,1,,12,1,0,0,0,0,0,0,0
1085,0,0,2,27382.5,1,1,,8,0,0,0,0,0,0,0,0
1086,0,0,1,7000,1,1,,8,1,0,0,0,0,0,0,0
1087,0,1,1,64445.62,1,1,,9,1,0,0,0,0,0,0,0
1088,0,1,1,250,0,1,,6,0,0,0,0,0,0,0,0
1089,0,1,1,500,0,1,,7,0,0,0,0,0,0,0,0
1090,0,0,1,930600.29,0,1,,9,0,0,0,0,0,0,0,0
1091,0,0,1,500,1,1,,7,1,0,0,0,0,0,0,0
1092,0,0,1,20000,1,1,,8,1,0,0,0,0,0,0,0
1093,0,0,1,317.99,0,1,,8,0,0,0,0,0,0,0,0
1094,0,1,3,2189785,0,1,1,14,1,1,1,1,0,0,1,0
1095,0,0,2,1200,0,1,,7,0,0,0,0,0,0,0,0
1096,0,0,1,1275.3,0,1,,6,0,0,0,0,0,0,0,0
1097,0,0,1,1000,1,1,,8,0,0,0,0,0,0,0,0
1098,0,1,1,2000,1,1,,8,1,0,0,0,0,0,0,0
1099,0,0,2,59400,1,1,,12,1,0,0,0,0,0,0,0
1100,0,5,3,31717837.54,1,1,1,15,1,0,0,0,0,0,0,0
1101,0,1,3,964003,1,1,3,13,1,0,0,0,0,0,0,0
1102,0,1,1,700,1,1,,8,0,0,0,0,0,0,1,0
1103,0,0,1,15625,1,1,,8,1,0,0,0,0,0,0,0
1104,0,0,1,100,1,1,,7,1,0,0,0,0,0,0,0
1105,0,0,1,1000,1,1,,7,1,0,0,0,0,0,0,0
1106,0,0,1,7000,0,1,,7,0,0,0,0,0,0,0,0
1107,0,1,1,300,0,1,,6,0,0,0,0,0,0,0,0
1108,2,3,2,836247.81,1,1,3,13,1,0,0,0,1,0,0,0
1109,1,1,2,3015,0,1,,10,0,0,0,0,0,0,0,0
1110,1,1,2,1000,0,1,,10,1,0,0,0,0,0,0,0
1111,51,83,7,5585691.8,1,1,,15,0,0,1,0,1,0,1,0
1112,2,2,4,132000,1,1,,5,0,0,0,0,0,0,0,0
1113,9,19,1,85000,1,1,,9,1,0,0,0,0,0,0,0
1114,2,2,2,4000,1,1,,8,1,0,0,0,0,0,0,0
1115,0,0,1,17.32,1,1,,7,1,0,0,0,0,0,0,0
1116,0,1,1,10603.1,1,1,,10,1,0,0,0,0,0,0,0
1117,0,0,1,16250,1,1,,9,1,0,0,0,0,0,0,0
1118,0,1,1,1069.5,0,1,,6,0,0,0,0,0,0,0,0
1119,3,4,1,10000,0,1,,7,0,0,0,0,0,0,0,0
1120,0,0,1,158629.2,1,1,,10,1,0,0,0,0,0,0,0
1121,0,0,4,79423,1,1,,12,0,0,0,1,0,0,1,0
1122,1,5,5,272139.03,1,1,1,14,1,1,1,0,1,0,1,0
1123,0,0,1,2000,0,1,,7,1,0,0,0,0,0,0,0
1124,71,136,7,2518781.86,1,1,3,15,1,1,1,0,1,0,1,0
1125,0,1,1,650,1,1,,7,1,0,0,0,0,0,0,0
1126,0,1,1,11447,0,1,,7,0,0,0,0,0,0,0,0
1127,0,1,1,16860,1,1,,10,1,0,0,0,0,0,0,0
1128,0,0,1,23006.96,0,1,,8,0,0,0,0,0,0,0,0
1129,0,0,1,6500,1,1,,7,1,0,0,0,0,0,0,0
1130,0,1,1,1250,0,1,,6,0,0,0,0,0,0,0,0
1131,1,2,1,244312.5,1,1,,11,0,0,0,0,0,0,0,0
1132,0,0,1,1400,0,1,,6,0,0,0,0,0,0,0,0
1133,0,2,3,273000,1,1,,12,1,1,1,0,0,0,1,0
1134,0,7,3,52971.3,1,1,1,11,0,0,0,0,0,0,0,0
1135,0,1,2,6000,1,1,,8,0,0,0,0,0,0,0,0
1136,0,0,1,6316.62,1,1,,7,0,0,0,0,0,0,0,0
1137,0,1,1,700,1,1,,8,0,0,0,0,0,0,0,0
1138,0,1,1,150000,0,1,,9,0,0,0,0,0,0,0,0
1139,0,0,1,562.6,0,1,,6,0,0,0,0,0,0,0,0
1140,0,0,1,153715.39,1,1,,10,1,0,0,0,0,0,0,0
1141,0,1,1,500,0,1,,6,0,0,0,0,0,0,0,0
1142,0,1,1,500,0,1,,7,0,0,0,0,0,0,0,0
1143,0,0,1,5000,1,1,,7,1,0,0,0,0,0,0,0
1144,1,1,2,3650,1,1,,10,1,0,0,0,0,0,0,0
1145,0,1,1,5000,0,1,,6,0,0,0,0,1,0,0,0
1146,1,3,6,311074.03,1,1,3,15,1,0,0,0,0,0,0,0
1147,0,1,1,100,0,1,,6,0,0,0,0,0,0,0,0
1148,0,1,1,25000,0,1,,8,1,0,0,0,0,0,0,0
1149,0,0,1,8000.08,1,1,,7,1,0,0,0,0,0,0,0
1150,0,1,1,500,1,1,,7,1,0,0,0,0,0,0,0
1151,0,1,1,21000,1,1,,10,0,0,0,0,0,0,0,0
1152,0,0,1,200,0,1,,6,1,0,1,0,0,0,0,0
1153,0,1,1,500,0,1,,7,1,0,0,0,0,0,0,0
1154,2,2,1,6318632,1,1,,14,1,0,0,0,0,0,0,0
1155,0,1,4,30235,0,1,,11,0,0,0,0,0,0,0,0
1156,0,1,1,2000,1,1,,9,1,0,0,0,0,0,0,0
1157,0,1,1,273.34,1,1,,7,1,0,0,0,0,0,0,0
1158,0,1,1,10000,1,1,,9,1,0,0,0,0,0,0,0
1159,0,1,1,200,0,1,,6,0,0,0,0,0,0,0,0
1160,0,0,1,2500,1,1,,7,0,0,0,0,0,0,0,0
1161,0,2,2,281998.29,1,1,,12,1,0,0,0,1,0,0,0
1162,0,0,1,29000,0,1,,8,0,0,0,0,0,0,0,0
1163,1,1,1,15000,0,1,,8,0,0,0,0,0,0,0,0
1164,0,1,1,10500,1,1,,9,1,0,0,0,0,0,0,0
1165,0,0,1,21732.48,1,1,,11,1,0,0,0,0,0,0,0
1166,0,0,1,1000,0,1,,7,0,0,0,0,0,0,0,0
1167,0,2,1,9777.78,0,1,,8,0,0,0,0,0,0,0,0
1168,0,1,1,250,1,1,,7,1,0,0,0,0,0,0,0
1169,0,1,1,500,0,1,,6,0,0,0,0,0,0,0,0
1170,0,0,1,394220.6,1,1,,12,1,0,0,0,0,0,0,0
1171,1,3,1,10323.19,1,1,,8,1,0,0,0,0,0,0,0
1172,0,1,1,10000,1,1,,10,1,0,0,0,1,0,0,0
1173,0,0,1,800,0,1,,6,0,0,0,0,0,0,0,0
1174,0,0,1,45000,1,1,,9,1,0,0,0,0,0,0,0
1175,1,1,2,1425735.12,1,1,,12,1,0,0,0,0,0,0,0
1176,1,1,1,3750,1,1,,7,1,0,0,0,0,0,0,0
1177,1,2,1,8750,1,1,1,9,1,0,0,0,0,0,0,0
1178,0,0,1,95595,0,1,3,8,1,0,0,0,0,0,0,0
1179,0,1,1,15625,1,1,,8,1,0,0,0,0,0,0,0
1180,0,0,1,100,0,1,,6,0,0,0,0,0,0,0,0
1181,17,26,6,81232.39,1,1,3,12,1,0,0,0,0,0,0,0
1182,0,2,1,45000,1,1,,11,0,0,0,0,0,0,0,0
1183,0,1,1,2000,1,1,,7,0,0,0,0,0,0,1,0
1184,0,0,1,3333.34,1,1,,7,1,0,0,0,0,0,0,0
1185,1,1,1,1917.5,0,1,,6,0,0,0,0,0,0,0,0
1186,1,1,1,1000,0,1,,7,0,0,0,0,0,0,0,0
1187,6,7,5,40704.11,1,1,,11,1,0,0,0,0,0,0,0
1188,0,1,1,5000,1,1,,7,1,0,0,0,0,0,0,0
1189,21,48,5,2539197.5,1,1,1,15,1,1,1,0,1,1,1,0
1190,0,1,1,150,1,1,,7,1,0,0,0,0,0,0,0
1191,0,1,1,500,1,1,,7,1,0,0,0,0,0,0,0
1192,0,1,2,229.9,0,1,,7,0,0,0,0,0,0,0,0
1193,0,1,1,823696,1,1,,13,1,0,0,0,0,0,0,0
1194,1,1,1,250,0,1,,7,0,0,0,0,0,0,0,0
1195,0,1,1,44275,0,1,,8,1,0,0,0,0,0,0,0
1196,0,0,1,542.35,0,1,,6,0,0,0,0,0,0,0,0
1197,26,58,4,154942.39,1,1,3,13,0,0,0,0,0,0,0,0
1198,0,2,2,4853.5,0,1,,7,0,0,0,0,0,0,0,0
1199,0,0,1,1000,0,1,,6,0,0,0,0,0,0,0,0
1200,0,1,1,500,1,1,,7,1,0,0,0,0,0,0,0
1201,0,3,1,35000,0,1,,7,1,0,0,0,0,0,0,0
1202,1,1,1,16000,1,1,,11,0,0,0,0,0,0,0,0
1203,0,1,1,1000,1,1,,8,1,0,0,0,0,0,0,0
1204,0,0,1,1000,0,1,,7,0,0,0,0,0,0,0,0
1205,0,0,1,4000,1,1,,10,0,0,0,0,0,0,0,0
1206,2,4,1,1500,0,1,,7,1,0,0,0,1,0,0,0
1207,0,1,1,14870.4,1,1,,9,1,0,0,0,0,0,0,0
1208,0,1,2,66234.99,0,1,,10,0,0,0,0,0,0,0,0
1209,0,2,2,409548.75,1,1,2,12,1,0,0,0,0,0,0,0
1210,0,3,1,50000,1,1,,8,1,0,0,0,0,0,0,0
1211,0,0,1,58050,1,1,,12,1,0,0,0,0,0,0,0
1212,0,0,1,16000,1,1,,10,1,0,0,0,0,0,0,0
1213,0,1,1,2500,0,1,,6,0,0,0,0,0,0,0,0
1214,0,1,1,446250,1,1,,12,1,0,0,0,0,0,0,0
1215,0,0,1,6125,1,1,,9,1,0,0,0,0,0,0,0
1216,1,1,5,11650,1,1,,12,0,0,0,0,0,0,1,0
1217,0,1,3,1100,1,1,,8,0,0,0,0,0,0,0,0
1218,0,0,1,151500,0,1,,9,0,0,0,0,0,0,0,0
1219,0,1,1,233920,1,1,,9,1,0,0,0,0,0,0,0
1220,0,1,2,85,0,1,,7,1,0,0,0,0,0,0,0
1221,0,1,2,250,0,1,,6,0,0,0,0,0,0,0,0
1222,0,1,1,31875,1,1,,10,1,0,0,0,0,0,0,0
1223,8,18,6,290857.05,1,1,,13,0,1,1,0,1,0,1,0
1224,0,1,1,4500,1,1,,8,0,0,0,0,0,0,0,0
1225,0,1,2,20500,1,1,,10,1,0,0,0,0,0,0,0
1226,0,1,1,3000,1,1,,8,1,0,0,0,0,0,0,0
1227,0,0,1,2500,0,1,,8,0,0,0,0,0,0,0,0
1228,0,1,1,33282.4,0,1,,9,0,0,1,1,0,0,0,0
1229,0,1,2,6898.1,0,1,,8,0,0,0,0,0,0,0,0
1230,0,2,1,1428,1,1,,8,1,0,0,0,0,0,0,0
1231,0,1,2,150,0,1,,7,0,0,0,0,0,0,0,0
1232,0,0,1,33542,1,1,,9,1,0,0,0,0,0,0,0
1233,0,1,1,300,1,1,,7,0,0,0,0,0,0,1,0
1234,0,0,1,500,1,1,,7,1,0,0,0,0,0,0,0
1235,0,1,1,250,0,1,,7,0,0,0,0,0,0,0,0
1236,11,27,5,666450,0,1,,13,0,0,0,0,0,0,0,0
1237,0,0,2,14500,0,1,,8,0,0,0,0,0,0,0,0
1238,0,1,1,62500,1,1,,8,1,0,0,0,0,0,0,0
1239,0,1,7,2793500,0,1,,15,0,0,0,0,0,0,0,0
1240,0,1,3,49000,1,1,,10,0,0,0,0,0,0,1,0
1241,0,0,1,75,0,1,,6,0,0,0,0,0,0,0,0
1242,0,0,1,2000,0,1,,6,0,0,0,0,0,0,0,0
1243,3,5,5,191669.13,1,1,,13,1,1,1,0,0,0,0,0
1244,0,1,1,455,1,1,,9,1,0,0,0,0,0,0,0
1245,0,1,1,100,0,1,,6,0,0,0,0,0,0,0,0
1246,0,1,2,21100,1,1,,11,1,0,0,0,0,0,0,0
1247,0,0,1,20250,1,1,,10,0,0,0,0,0,0,0,0
1248,0,2,4,2188708.47,1,1,3,15,1,0,0,0,0,0,0,0
1249,0,1,1,119166.67,1,1,,11,1,0,0,0,0,0,0,0
1250,0,0,1,993500,1,1,,13,1,0,0,0,0,0,0,0
1251,0,1,1,9750,1,1,,10,1,0,0,0,0,0,0,0
1252,0,0,1,323500,0,1,,9,0,0,0,0,0,0,0,0
1253,0,0,1,200,0,1,,6,0,0,0,0,0,0,0,0
1254,0,0,1,4587.6,0,1,,7,0,0,0,0,0,0,0,0
1255,0,1,1,720,0,1,,8,0,0,0,0,0,0,0,0
1256,0,0,1,24514.64,0,1,,9,0,0,0,0,0,0,0,0
1257,0,3,2,50000,0,1,,11,1,1,1,0,1,0,0,0
1258,0,1,1,500,1,1,,7,0,0,0,0,0,0,0,0
1259,0,1,2,338070.83,1,1,,13,0,0,0,0,1,0,0,0
1260,0,1,1,2500,1,1,,9,0,0,0,0,0,0,0,0
1261,0,2,2,71627.1,1,1,3,11,0,0,0,0,0,0,1,0
1262,0,0,1,3000,1,1,,9,0,0,0,0,0,0,0,0
1263,0,0,2,34000,1,1,,10,1,0,0,0,0,0,0,0
1264,0,0,1,3215,1,1,,7,1,0,0,0,0,0,0,0
1265,0,2,4,3897694,0,1,3,15,1,0,0,0,0,0,0,0
1266,0,1,1,150000,0,1,,9,1,0,1,0,0,0,0,0
1267,0,0,2,4133372.28,1,1,3,14,1,0,0,0,0,0,0,0
1268,0,1,1,2100,1,1,,9,1,0,0,0,0,0,0,0
1269,0,0,2,45000,1,1,,8,1,0,0,0,0,0,0,0
1270,0,0,1,2500,1,1,,7,0,0,0,0,0,0,0,0
1271,1,1,1,500,1,1,,7,0,0,0,0,0,0,0,0
1272,0,1,1,500,1,1,,7,1,0,0,0,0,0,0,0
1273,0,1,1,1700,1,1,,7,1,0,0,0,0,0,0,0
1274,0,1,1,150000,0,1,,8,0,0,0,0,0,0,0,0
1275,0,1,1,1000,1,1,,7,1,0,0,0,0,0,0,0
1276,0,1,1,15774619.79,1,1,,14,1,0,0,0,0,0,0,0
1277,1,7,2,212951.46,1,1,,10,1,0,0,0,0,0,0,0
1278,0,0,2,181492,0,1,,11,0,0,0,0,0,0,0,0
1279,1,5,3,12087.5,0,1,,10,1,0,1,0,1,1,1,1
1280,0,0,1,95000,0,1,,7,0,0,0,0,0,0,0,0
1281,0,1,2,110000,1,1,,12,0,0,0,0,0,0,0,0
1282,0,1,1,1000,0,1,,7,1,0,0,0,0,0,0,0
1283,1,1,1,2000,1,1,,8,0,0,0,0,0,0,1,0
1284,2,4,6,366000,1,1,,13,1,1,1,0,1,1,1,0
1285,0,1,1,40,0,1,,6,0,0,0,0,0,0,0,0
1286,0,0,1,4500,0,1,,7,0,0,0,0,0,0,0,0
1287,0,1,1,100,1,1,,7,1,0,0,0,1,0,1,0
1288,0,0,1,942.83,1,1,,7,1,0,0,0,0,0,0,0
1289,10,16,2,5500,1,1,,8,0,1,0,0,0,0,0,0
1290,0,4,5,130650,1,1,,13,1,0,0,0,0,0,0,0
1291,0,1,1,1400,1,1,,7,0,0,0,0,0,0,0,0
1292,0,1,1,50000,1,1,,5,1,0,0,0,0,0,0,0
1293,0,1,1,5500,1,1,,5,0,0,0,0,0,0,1,0
1294,0,1,2,62738.02,0,1,,12,1,0,0,0,0,0,0,0
1295,0,1,1,190,1,1,,7,1,0,0,0,0,0,0,0
1296,0,1,2,740,1,1,,9,1,0,0,0,0,0,0,0
1297,0,0,1,12454,0,1,,8,0,0,0,0,0,0,0,0
1298,0,0,1,642.55,1,1,,7,1,0,0,0,0,0,0,0
1299,0,1,1,86558.94,1,1,3,10,1,0,0,0,0,0,0,0
1300,0,0,1,25000,1,1,,8,1,0,0,0,0,0,0,0
1301,0,0,1,19570.69,0,1,,8,0,0,0,0,0,0,0,0
1302,0,1,5,1049600,0,1,,12,0,0,0,0,0,0,0,0
1303,0,1,1,682.76,0,1,,7,0,0,0,0,0,0,0,0
1304,0,0,1,9541,0,1,,8,1,0,0,0,0,0,0,0
1305,0,0,1,30667.2,0,1,,8,0,0,0,0,0,0,0,0
1306,0,0,1,4000,1,1,,8,1,0,0,0,0,0,0,0
1307,0,1,1,10188.8,1,1,,9,1,0,0,0,0,0,0,0
1308,0,1,1,37950,1,1,,9,1,0,0,0,0,0,0,0
1309,0,0,1,260,0,1,,7,0,0,0,0,0,0,0,0
1310,0,0,1,6000,1,1,,8,1,0,0,0,0,0,0,0
1311,1,5,3,30620,1,1,,12,1,0,0,0,0,0,0,0
1312,0,1,5,550,0,1,,8,0,0,0,0,0,0,0,0
1313,0,1,1,1000,0,1,,6,0,0,0,0,0,0,0,0
1314,0,0,1,600,1,1,,7,1,0,0,0,0,0,0,0
1315,0,0,1,125,0,1,,7,0,0,0,0,0,0,0,0
1316,0,1,1,250,0,1,,7,0,0,0,0,0,0,0,0
1317,0,1,3,410376.97,1,1,,14,1,0,0,0,0,0,0,0
1318,1,1,1,22175,0,1,,11,1,0,0,0,0,0,0,0
1319,1,4,2,106000,0,1,,11,1,0,0,0,0,1,1,0
1320,0,1,1,1105.1,0,1,,6,0,0,0,0,0,0,0,0
1321,0,1,1,53684.5,1,1,,9,1,0,0,0,0,0,0,0
1322,0,0,1,200,0,1,,7,0,0,0,0,0,0,0,0
1323,5,17,4,237054.67,1,1,,12,1,0,0,0,0,0,0,0
1324,0,2,1,1127,1,1,,8,0,0,0,0,0,0,1,0
1325,0,0,1,34072.95,0,1,,8,0,0,0,0,0,0,0,0
1326,0,0,1,50500,1,1,,10,1,0,0,0,0,0,0,0
1327,2,2,2,97500,1,1,,11,1,0,0,0,0,0,0,0
1328,1,1,2,30160,1,1,,12,1,0,0,0,0,0,0,0
1329,0,4,3,533451.37,1,1,,12,1,0,0,0,0,0,0,0
1330,0,0,1,1495.8,0,1,,8,0,0,0,0,0,0,0,0
1331,0,2,2,110100,1,1,,13,1,0,0,0,0,0,0,0
1332,1,1,1,500,0,1,,9,0,0,0,0,0,0,0,0
1333,0,0,1,250,0,1,,6,0,0,0,0,1,0,1,0
1334,0,1,2,3300,1,1,,8,1,0,0,0,0,0,0,0
1335,2,3,4,13722,1,1,,7,0,0,0,0,0,0,0,0
1336,0,1,3,254600,1,1,1,11,1,0,0,0,0,0,0,0
1337,0,0,1,1000,0,1,,6,0,0,0,0,0,0,0,0
1338,0,1,1,150000,0,1,,9,0,0,0,0,0,0,0,0
1339,0,1,1,48367.5,1,1,3,12,1,0,0,0,0,0,0,0
1340,0,1,1,7000,1,1,,9,0,0,0,0,0,0,0,0
1341,0,1,1,43148,1,1,,8,1,0,0,0,0,0,0,0
1342,0,2,1,100000,0,1,,8,0,1,0,0,0,0,0,0
1343,0,1,1,200,0,1,,6,0,0,0,0,0,0,0,0
1344,0,0,1,10137,0,1,,7,0,0,0,0,0,0,0,0
1345,3,9,3,345750,1,1,,13,1,0,0,1,0,0,0,0
1346,1,1,1,659.65,0,1,,6,0,0,0,0,0,0,0,0
1347,0,0,1,2600.2,1,1,,7,1,0,0,0,1,0,0,0
1348,0,0,1,5433.6,0,1,,8,0,0,0,0,0,0,1,0
1349,0,1,1,25000,0,1,,7,0,0,0,0,0,0,0,0
1350,0,0,2,95885,1,1,1,12,1,0,0,0,0,0,0,0
1351,0,1,1,300,0,1,,7,0,0,0,0,0,0,1,0
1352,0,1,1,10000,1,1,,8,1,0,0,0,0,0,0,0
1353,0,0,1,94409.25,0,1,,8,0,0,0,0,0,0,0,0
1354,0,1,1,78904.86,0,1,,8,0,0,0,0,0,0,0,0
1355,0,1,1,19636,0,1,,8,0,0,0,0,0,0,0,0
1356,0,1,1,250,0,1,,6,0,0,0,0,0,0,0,0
1357,0,0,1,7470.58,0,1,,6,0,0,0,0,0,0,0,0
1358,1,1,2,3532894.43,1,1,1,14,1,0,0,0,0,0,0,0
1359,0,1,2,936361.13,0,1,,11,0,0,0,0,0,0,0,0
1360,0,1,1,8000,1,1,,10,1,0,0,0,0,0,0,0
1361,0,0,2,5800,1,1,,10,0,0,0,0,0,0,0,0
1362,4,12,4,4056516.66,1,1,,14,1,0,0,0,0,0,0,0
1363,0,0,1,5000,0,1,,6,0,0,0,0,0,0,0,0
1364,0,1,1,1000,1,1,,7,1,0,0,0,0,0,0,0
1365,1,2,1,56131,1,1,,9,0,0,0,0,0,0,0,0
1366,2,4,2,19660,1,1,,11,1,0,0,0,0,0,0,0
1367,0,1,1,200,1,1,,7,1,0,0,0,0,0,1,0
1368,0,1,1,2400,0,1,,6,0,0,0,0,0,0,0,0
1369,0,1,2,2100,0,1,,9,0,0,0,0,0,0,0,0
1370,0,0,1,10502,0,1,,7,0,0,0,0,0,0,0,0
1371,0,0,1,120,1,1,,7,1,0,0,0,0,0,0,0
1372,0,1,1,174277.78,1,1,,11,1,0,0,0,0,0,0,0
1373,0,2,2,7406.5,0,1,,10,0,0,0,0,0,0,0,0
1374,0,4,1,26666.67,1,1,,8,1,0,0,0,0,0,0,0
1375,0,1,1,6300,0,1,,7,0,0,0,0,0,0,0,0
1376,1,2,1,2500,1,1,,8,1,0,0,0,0,0,0,0
1377,0,1,2,250,0,1,,8,0,0,0,0,0,0,0,0
1378,0,1,1,20000,0,1,,8,0,0,0,0,0,0,0,0
1379,2,3,1,505750,1,1,3,13,1,0,0,0,0,0,0,0
1380,31,68,6,661380.28,1,1,,14,1,0,0,0,0,0,0,0
1381,6,7,1,5000,1,1,,7,1,0,0,0,0,0,1,0
1382,0,0,1,50000,0,1,,8,0,0,0,0,0,0,0,0
1383,0,0,1,3000,1,1,,8,1,0,0,0,0,0,0,0
1384,1,3,1,14375,0,1,,7,0,0,0,0,1,0,0,0
1385,1,1,2,14831.05,1,1,,10,0,0,0,0,0,0,0,0
1386,0,1,1,80000,1,1,,9,1,0,0,0,0,0,0,0
1387,0,1,1,100,0,1,,7,0,0,0,0,0,0,0,0
1388,0,0,1,100000,0,1,,8,0,0,0,0,0,0,0,0
1389,0,3,6,686428.43,1,1,,14,0,0,0,0,0,0,0,0
1390,0,0,1,7000,0,1,,9,0,0,0,0,0,0,0,0
1391,0,1,1,500,1,1,,7,0,0,0,0,0,0,1,0
1392,3,11,4,70767.25,1,1,,10,1,0,0,0,0,0,0,0
1393,3,6,3,183705.68,1,1,,11,1,0,0,0,0,0,0,0
1394,0,0,1,2139,0,1,,6,0,0,0,0,0,0,0,0
1395,0,0,1,113881.59,1,1,,12,0,0,0,0,0,0,0,0
1396,0,1,1,5000,0,1,,7,1,0,0,0,0,0,0,0
1397,0,1,1,5500,1,1,,7,1,0,0,0,0,0,0,0
1398,0,0,1,1398,0,1,,6,0,0,0,0,0,0,0,0
1399,0,0,2,6000,1,1,,7,1,0,0,0,0,0,0,0
1400,0,1,1,5500,0,1,,6,0,0,0,0,0,0,0,0
1401,3,4,3,544050,1,1,,13,1,0,0,0,0,0,0,0
1402,1,2,4,270622,1,1,,13,1,0,0,0,0,0,0,0
1403,0,0,1,1000,0,1,,6,0,0,0,0,0,0,0,0
1404,1,1,1,1000,0,1,,6,0,0,0,0,0,0,0,0
1405,0,0,1,3600,1,1,,7,1,0,0,0,0,0,0,0
1406,0,4,1,89331.75,1,1,1,10,1,0,0,0,0,0,0,0
1407,1,1,3,4121.1,1,1,,10,0,0,0,0,0,0,0,0
1408,6,13,3,505443.94,1,1,,13,1,0,0,0,0,0,0,0
1409,0,0,1,100,1,1,,7,1,0,0,0,0,0,0,0
1410,7,8,1,4166.66,1,1,,7,1,0,0,0,0,0,0,0
1411,1,1,1,774.39,1,1,,8,1,0,0,0,0,0,0,0
1412,0,0,1,3500,0,1,,7,0,0,0,0,0,0,0,0
1413,5,6,4,53600,1,1,,10,1,0,0,0,0,0,0,0
1414,0,1,1,1088.5,0,1,,6,0,0,0,0,0,0,0,0
1415,0,1,1,500,1,1,,7,1,0,0,0,0,0,1,0
1416,0,0,2,5660,0,1,,6,0,0,0,0,0,0,0,0
1417,0,0,1,25000,1,1,1,9,1,0,1,0,1,1,1,1
1418,1,2,1,2051817.6,1,1,,12,1,0,0,0,1,0,0,0
1419,1,2,1,500,0,1,,6,0,0,0,0,0,0,0,0
1420,2,3,1,2500,0,1,,7,0,0,0,0,0,0,0,0
1421,0,1,3,13532.53,1,1,,9,0,0,0,0,0,0,0,0
1422,0,1,1,2500,1,1,,7,1,0,1,0,0,0,0,0
1423,0,1,2,1390,0,1,,9,1,0,0,0,0,0,0,0
1424,0,1,1,2700,1,1,,9,1,0,0,0,0,0,0,0
1425,0,0,1,145028,1,1,,9,0,1,0,0,0,0,0,0
1426,0,0,1,110228.3,1,1,,9,1,0,0,0,0,0,0,0
1427,0,0,3,134500,1,1,,12,1,0,0,0,0,0,0,0
1428,0,0,1,6000,0,1,,8,0,0,0,0,0,0,0,0
1429,0,2,3,9820,1,1,,10,1,0,0,0,0,0,0,0
1430,0,0,1,48519,0,1,,9,0,0,0,0,0,0,0,0
1431,1,1,2,7200,0,1,,9,0,0,0,0,0,0,0,0
1432,0,0,1,35000,1,1,,8,1,0,0,0,0,0,0,0
1433,0,0,1,45.85,1,1,,7,1,0,0,0,0,0,0,0
1434,0,0,1,23500,0,1,,9,0,0,0,0,0,0,0,0
1435,1,1,1,7900,1,1,,9,1,0,0,0,0,0,0,0
1436,0,0,1,500,1,1,,7,0,0,0,0,0,0,0,0
1437,0,0,1,4000,0,1,,6,0,0,0,0,0,0,0,0
1438,0,1,1,165000,0,1,,9,0,0,0,0,1,0,0,1
1439,0,1,1,1890,0,1,,7,0,0,0,0,0,0,0,0
1440,1,1,4,38500,0,1,,10,1,0,1,0,0,1,1,0
1441,0,0,1,250,1,1,,7,1,0,0,0,0,0,0,0
1442,0,1,1,200,1,1,,7,0,0,0,0,0,0,1,0
1443,0,0,2,11500,1,1,,9,1,0,0,0,0,0,0,0
1444,4,11,1,10278.08,0,1,,7,0,0,0,0,0,0,0,0
1445,0,1,1,19107.5,1,1,,9,1,0,0,0,0,0,0,0
1446,0,0,1,500,1,1,,7,1,0,0,0,0,0,0,0
1447,1,1,1,6400,0,1,,7,1,0,0,0,0,0,0,0
1448,0,0,1,5000,1,1,,7,1,0,0,0,0,0,0,0
1449,0,1,1,11.36,0,1,,7,0,0,0,0,0,0,0,0
1450,0,1,1,577.5,0,1,,7,0,0,0,0,0,0,0,0
1451,0,1,1,100,1,1,,7,0,1,0,0,0,0,0,0
1452,0,0,1,3000,1,1,,8,1,0,1,0,1,0,0,0
1453,0,2,2,31200,1,1,,11,1,0,0,0,0,0,0,0
1454,0,1,1,15625,1,1,,8,1,0,0,0,0,0,0,0
1455,0,1,3,675,0,1,,9,0,0,0,0,0,0,0,0
1456,0,1,2,115945.4,1,1,2,11,1,1,1,0,1,0,0,0
1457,2,2,1,100,0,1,,6,0,0,0,0,0,0,0,0
1458,0,0,3,8125.84,1,1,,10,1,0,0,0,0,0,0,0
1459,0,0,1,33500,0,1,,11,0,0,0,0,0,0,0,0
1460,0,0,3,2750,1,1,,8,0,0,0,0,0,0,1,0
1461,0,1,1,190,0,1,,6,0,0,0,0,0,0,0,0
1462,0,0,1,131381.62,0,1,,9,0,0,0,0,0,0,0,0
1463,0,1,1,50000,0,1,,9,0,0,0,0,0,0,0,0
1464,1,8,2,2386.8,1,1,,8,0,0,0,1,0,0,1,0
1465,0,1,1,868970.73,1,1,1,12,1,0,0,0,0,0,0,0
1466,0,0,1,6500,1,1,,10,1,0,0,0,1,0,0,0
1467,0,0,1,2500,0,1,,6,1,0,0,0,0,0,0,0
1468,0,0,1,44828.4,1,1,1,11,1,0,0,0,0,0,0,0
1469,0,0,1,15625,1,1,,8,1,0,0,0,0,0,0,0
1470,0,1,1,200,0,1,,6,0,0,1,0,1,0,0,0
1471,0,1,1,180237.87,1,1,,5,1,0,0,0,0,0,0,0
1472,0,0,1,20000,1,1,,8,0,0,0,0,0,0,0,0
1473,0,1,1,1000,1,1,,7,0,0,0,0,0,0,0,0
1474,2,3,3,170451,0,1,,12,1,1,1,1,1,0,1,0
1475,0,1,1,12732.5,1,1,,9,1,0,0,0,0,0,0,0
1476,0,1,3,65560,1,1,,11,1,0,1,0,1,0,1,0
1477,0,0,1,1375,0,1,,7,0,0,0,0,0,0,0,0
1478,0,1,1,2355,0,1,,8,0,0,0,0,0,0,0,0
1479,0,1,3,9855,0,1,,9,0,0,0,0,0,0,0,0
1480,0,1,1,100,0,1,,6,0,0,0,0,0,0,0,0
1481,0,0,2,24600,1,1,,9,1,0,1,0,0,0,0,0
1482,0,0,1,315000,0,1,,11,0,0,0,0,0,0,0,0
1483,0,1,2,568171,1,1,1,13,1,0,1,0,1,0,1,0
1484,5,10,5,86250,0,1,,11,0,0,0,0,0,0,0,0
1485,0,1,1,300,1,1,,7,0,0,0,0,0,0,0,0
1486,0,0,1,13700,1,1,,10,1,0,0,0,0,0,0,0
1487,0,1,1,139.75,1,1,,8,0,0,0,0,0,0,0,0
1488,0,0,1,25000,0,1,,7,0,0,0,0,0,0,0,0
1489,0,2,1,700,0,1,,6,0,0,0,0,0,0,0,0
1490,0,1,1,100,0,1,,6,0,0,0,0,0,0,0,0
1491,0,0,1,22985.83,1,1,,9,1,0,0,0,0,0,0,0
1492,0,1,1,11479.17,1,1,,9,1,0,0,0,0,0,0,0
1493,0,1,3,10260,1,1,,9,1,0,0,0,0,0,0,0
1494,0,0,2,100500,1,1,1,12,1,0,0,0,0,0,0,0
1495,0,0,2,6668,0,1,,10,1,0,0,0,0,0,0,0
1496,0,1,1,58333.34,0,1,,8,0,0,0,0,0,0,0,0
1497,0,0,2,150000,1,1,,11,1,0,0,0,0,0,0,0
1498,0,1,1,9225,1,1,,11,1,0,0,0,0,0,0,0
1499,0,0,1,5000,0,1,,8,0,0,0,0,0,0,0,0
1500,4,7,2,17700,1,1,,11,1,0,0,0,0,0,0,0
1501,0,0,1,362.5,1,1,,9,0,0,0,0,0,0,0,0
1502,0,1,1,10000,0,1,,9,1,0,0,0,0,0,0,0
1503,0,0,1,2500,1,1,,7,1,0,0,0,0,0,0,0
1504,0,1,1,2250,1,1,,8,1,0,0,0,0,0,0,0
1505,0,2,3,9480,1,1,,9,1,0,0,0,0,0,0,0
1506,0,3,2,307500,0,1,,9,0,0,0,0,0,0,0,0
1507,0,1,1,3005.98,1,1,,9,1,0,0,0,0,0,0,0
1508,2,3,1,6100,0,1,,10,0,0,0,0,0,0,0,0
1509,0,1,1,3000,1,1,,8,1,0,1,0,1,0,0,0
1510,1,2,3,1200,1,1,,9,0,0,0,0,0,0,0,0
1511,0,0,1,6500.5,1,1,,7,1,0,0,0,0,0,0,0
1512,1,1,2,4100,0,1,,9,0,0,0,1,0,0,0,0
1513,0,0,1,23000,1,1,,10,1,0,0,0,0,0,0,0
1514,0,3,1,3367400.28,1,1,,13,1,0,0,0,1,0,0,0
1515,0,1,1,5000,0,1,,6,0,0,0,0,0,0,0,0
1516,12,31,6,137875,1,1,,13,1,1,1,0,0,0,1,0
1517,0,0,1,3372407.8,1,1,,14,1,0,0,0,0,0,0,0
1518,0,0,1,750,0,1,,6,0,0,0,0,0,0,0,0
1519,0,1,1,300000,0,1,,4,0,0,0,0,0,0,0,0
1520,0,0,3,4565.52,1,1,,11,1,0,0,0,0,0,0,0
1521,13,23,2,14250,1,1,,10,1,0,0,0,0,0,0,0
1522,0,0,3,46444.75,1,1,,10,1,0,0,0,0,0,0,0
1523,0,0,1,1000,0,1,,7,0,0,0,0,0,0,0,0
1524,0,0,2,3683,0,1,,6,0,0,0,0,0,0,0,0
1525,0,0,1,2500,1,1,,8,1,0,0,0,0,0,0,0
1526,2,3,2,1300,1,1,,8,1,0,0,0,0,0,0,0
1527,0,1,2,133750,0,1,1,10,1,0,0,0,0,0,0,0
1528,0,0,1,4800,1,1,1,9,1,0,0,0,0,0,0,0
1529,0,0,1,22460,0,1,,9,0,0,0,0,0,0,0,0
1530,0,0,1,100,1,1,,7,1,0,0,0,0,0,0,0
1531,0,2,3,201000,0,1,,10,1,0,0,0,0,0,0,0
1532,1,1,1,23.16,1,1,,7,0,1,0,0,0,0,0,0
1533,0,1,1,2673.75,0,1,,6,0,0,0,0,0,0,0,0
1534,0,0,1,784.74,1,1,,8,1,0,0,0,0,0,0,0
1535,0,0,1,30350,1,1,,8,0,0,0,0,0,0,0,0
1536,1,11,3,12100,1,1,,10,0,0,1,0,0,0,1,0
1537,0,2,1,75000,1,1,,8,1,0,0,0,0,0,0,0
1538,0,2,1,6050.3,1,1,,9,1,0,0,0,0,0,0,0
1539,1,1,1,175,1,1,,7,1,0,0,0,0,0,0,0
1540,0,0,1,1000,0,1,,6,0,0,0,0,0,0,0,0
1541,1,2,1,4750,0,1,,6,0,0,0,0,0,0,0,0
1542,0,0,1,50000,0,1,,7,1,0,0,0,0,0,0,0
1543,0,1,1,500,1,1,,7,1,0,0,0,0,0,0,0
1544,3,5,1,500,0,1,,7,0,0,0,0,0,0,0,0
1545,0,1,1,1152.5,0,1,,6,0,0,0,0,0,0,0,0
1546,0,1,3,830000,0,1,,13,1,0,1,0,1,0,0,0
1547,0,1,2,30000,1,1,,9,0,0,0,0,0,0,1,0
1548,0,0,1,1,1,1,,7,0,1,0,0,0,0,0,0
1549,0,0,1,1000,1,1,,7,1,0,0,0,0,0,0,0
1550,2,7,3,36026,0,1,,8,0,0,0,0,0,0,0,0
1551,1,3,3,21300,0,1,,10,0,1,0,0,0,0,0,0
1552,0,1,2,32350,0,1,,12,0,0,0,0,0,0,0,0
1553,0,2,1,26151,1,1,,9,1,0,0,0,0,0,0,0
1554,0,1,1,253511.5,0,1,,9,0,0,0,0,0,0,0,0
1555,5,6,4,111100,0,1,,10,1,0,1,0,0,0,0,0
1556,1,1,2,44240,1,1,,11,1,0,0,0,0,0,0,0
1557,0,0,1,7500,0,1,,7,0,0,0,0,0,0,0,0
1558,2,4,1,7500,0,1,,7,1,1,1,0,1,1,1,0
1559,0,0,1,2500,1,1,,9,1,0,0,0,0,0,0,0
1560,0,1,1,40,0,1,,6,0,0,0,0,0,0,0,0
1561,0,0,1,18230.58,1,1,,9,0,0,0,0,0,0,0,0
1562,0,1,1,250,1,1,,7,1,0,0,0,0,0,0,0
1563,0,3,3,4320186.73,0,1,,13,0,0,0,0,0,0,0,0
1564,1,1,2,16000,0,1,,10,0,0,0,0,0,0,0,0
1565,0,1,1,90227.37,1,1,,9,1,0,0,0,0,0,0,0
1566,1,1,1,65,1,1,,7,1,0,0,0,0,0,0,0
1567,0,0,1,634740.9,1,1,1,12,1,0,0,0,1,0,0,0
1568,0,1,2,19800,1,1,,10,0,0,0,0,0,0,0,0
1569,0,1,1,7416.67,0,1,,7,0,0,0,0,0,0,0,0
1570,0,0,1,4599,1,1,,7,1,0,0,0,0,0,0,0
1571,0,0,2,64939,1,1,,12,1,0,0,0,0,0,0,0
1572,0,0,1,2000,0,1,,7,0,0,0,0,0,0,0,0
1573,0,3,2,2120,1,1,,8,0,0,0,0,0,0,0,0
1574,0,1,1,25000,1,1,,8,1,0,0,0,0,0,0,0
1575,0,1,1,3609.1,1,1,,8,1,0,0,0,0,0,0,0
1576,0,0,1,1000,1,1,,7,1,0,0,0,0,0,0,0
1577,0,1,1,5000,0,1,,7,0,0,0,0,0,0,0,0
1578,0,1,1,601451,1,1,3,11,1,0,0,0,0,0,0,0
1579,1,1,1,11089.05,0,1,,7,0,0,0,0,0,0,0,0
1580,0,1,1,4000,0,1,,7,0,0,0,0,0,0,0,0
1581,0,0,2,1969950,1,1,,14,1,0,0,0,0,0,0,0
1582,0,1,1,35000,0,1,,9,0,0,0,0,0,0,0,0
1583,0,0,1,4600,0,1,,8,0,0,0,0,0,0,0,0
1584,0,1,3,10922.32,0,1,,10,0,0,0,0,0,0,0,0
1585,0,2,1,17473591.72,1,1,,14,1,0,0,0,1,0,0,0
1586,0,1,2,4179.03,0,1,,7,1,0,1,0,1,1,1,0
1587,0,1,1,20000,1,1,,10,1,0,0,0,0,0,0,0
1588,10,26,7,1177160,1,1,,15,1,0,0,0,0,0,0,0
1589,0,0,1,2000,0,1,,6,0,0,0,0,0,0,0,0
1590,0,1,1,4020.75,1,1,,8,1,0,0,0,0,0,0,0
1591,0,1,1,1458,0,1,,6,0,0,0,0,0,0,0,0
1592,1,2,1,5500,0,1,,6,0,0,0,0,0,0,0,0
1593,0,1,2,639.71,1,1,,8,0,0,0,0,0,0,0,0
1594,0,1,1,500,0,1,,7,0,0,0,0,0,0,0,0
1595,0,2,3,54220,0,1,,10,0,0,0,0,0,0,0,0
1596,0,1,1,25,0,1,,6,0,0,0,0,0,0,0,0
1597,0,0,1,18810,0,1,,7,0,0,0,0,0,0,0,0
1598,3,13,6,88102.5,0,1,,12,0,0,0,0,1,0,0,0
1599,1,1,1,1260,1,1,,7,0,0,0,0,0,0,0,0
1600,0,2,2,303990,1,1,,13,1,0,0,0,0,0,0,0
1601,0,0,1,1000,0,1,,6,0,0,0,0,0,0,0,0
1602,0,0,1,14000,0,1,,8,0,0,0,0,0,0,0,0
1603,0,0,3,6185,0,1,,11,0,0,0,0,0,0,0,0
1604,0,0,1,10000,0,1,,8,0,0,0,0,0,0,0,0
1605,0,2,4,85150,1,1,,11,1,1,0,0,1,0,1,0
1606,0,0,1,151500,0,1,,11,0,0,0,0,0,0,0,0
1607,0,1,1,1800,0,1,,7,0,0,0,0,0,0,0,0
1608,0,0,1,150,1,1,,7,1,0,0,0,0,0,0,0
1609,0,1,2,1100,1,1,,8,0,0,0,0,0,0,1,0
1610,1,1,1,2000,0,1,,7,1,0,0,0,0,0,0,0
1611,0,2,5,131500,1,1,,13,1,0,0,0,1,0,0,0
1612,0,0,1,150,0,1,,6,0,0,0,0,0,0,0,0
1613,0,1,1,14375,0,1,,7,0,0,0,0,0,0,0,0
1614,3,3,1,352521.47,1,1,,13,0,0,0,0,1,0,0,0
1615,11,27,7,2579091.22,1,1,1,15,0,0,0,0,0,0,1,0
1616,0,1,1,813.63,1,1,,7,0,0,0,0,0,0,1,0
1617,0,1,1,3010.7,0,1,,6,0,0,0,0,0,0,0,0
1618,0,0,1,25000,1,1,,8,1,0,0,0,0,0,0,0
1619,0,1,2,12000,0,1,,9,0,0,0,0,0,0,0,0
1620,1,1,2,2000,1,1,,9,1,0,0,0,0,0,0,0
1621,0,0,1,175259.8,0,1,,9,0,0,0,0,0,0,0,0
1622,1,2,2,8052.5,1,1,1,8,1,0,0,0,0,0,0,0
1623,0,0,1,215000,1,1,,10,1,0,0,0,0,0,0,0
1624,0,1,4,75000,1,1,,11,1,0,1,0,0,0,0,0
1625,0,2,6,2169700,1,1,,14,1,0,1,1,1,0,1,1
1626,1,2,1,624000,0,1,,13,1,1,1,0,1,0,1,0
1627,0,1,1,1200,1,1,,8,1,0,0,0,0,0,0,0
1628,0,0,2,199437.06,1,1,,11,0,0,0,1,0,0,0,0
1629,0,4,5,627420,1,1,3,14,1,0,0,0,0,0,0,0
1630,3,6,2,1025000,1,1,,14,1,0,0,0,0,0,0,0
1631,0,1,1,14375,0,1,,8,0,0,0,0,0,0,0,0
1632,0,1,1,22800,0,1,,8,0,0,0,0,0,0,0,0
1633,1,3,1,320000,1,1,,12,1,0,0,0,0,0,0,0
1634,0,0,2,6008.67,1,1,,7,0,0,0,0,0,0,0,0
1635,0,0,1,122.48,1,1,,7,0,0,0,0,0,0,0,0
1636,0,1,1,35000,1,1,,9,1,0,0,0,0,0,0,0
1637,0,0,1,65288.35,0,1,,8,0,0,0,0,0,0,0,0
1638,2,3,6,3818661.53,1,1,3,13,0,0,0,0,0,0,0,0
1639,0,1,1,1500,1,1,,8,1,0,0,0,0,0,0,0
1640,0,0,1,1000,0,1,,6,0,0,0,0,0,0,0,0
1641,0,0,1,500,0,1,,6,0,0,0,0,0,0,0,0
1642,0,0,1,7500,1,1,,10,0,0,0,0,0,0,0,0
1643,1,2,3,64400,1,1,,11,1,1,1,0,0,0,1,0
1644,0,0,1,500,0,1,,6,0,0,0,0,0,0,0,0
1645,19,46,7,13829647.78,1,1,3,15,1,1,1,0,1,1,1,0
1646,3,4,6,479236.4,0,1,,13,0,0,0,0,0,0,0,0
1647,0,1,1,4200704.33,1,1,,14,1,0,0,0,0,0,0,0
1648,0,1,1,9000,1,1,,9,1,0,0,0,0,0,0,0
1649,1,1,1,3000,1,1,,8,1,0,0,0,0,0,0,0
1650,0,4,3,38957.99,1,1,,11,0,0,0,0,0,0,1,0
1651,1,2,1,2000,0,1,,4,1,0,1,0,0,0,0,0
1652,0,1,3,289.68,1,1,,9,0,0,0,0,0,0,0,0
1653,0,0,1,2000,0,1,,7,0,1,1,0,1,0,0,0
1654,0,1,1,1947.75,1,1,,7,1,0,0,0,0,0,0,0
1655,1,1,2,775,1,1,,8,1,0,0,0,0,0,0,0
1656,0,0,2,2250,0,1,,7,0,0,0,0,0,0,0,0
1657,0,0,1,1606.37,1,1,,7,1,0,0,0,0,0,0,0
1658,0,0,1,49.5,0,1,,7,0,0,0,0,0,0,0,0
1659,1,3,3,10079.4,1,1,3,10,0,0,0,0,0,0,0,0
1660,0,0,1,129769.87,1,1,,10,1,0,0,0,1,0,0,0
1661,0,0,1,140000,0,1,,9,0,0,0,0,0,0,0,0
1662,2,6,1,15000,0,1,,8,0,0,0,0,0,0,0,0
1663,0,1,1,11635,0,1,,7,0,0,0,0,0,0,0,0
1664,0,0,1,292059.51,1,1,,11,1,0,0,0,0,0,0,0
1665,0,0,1,88250,1,1,,11,1,0,0,0,0,0,0,0
1666,1,1,2,250,1,1,,8,1,0,0,0,0,0,0,0
1667,0,1,1,20380,1,1,,9,1,0,0,0,0,0,0,0
1668,1,3,2,700190.34,1,1,,12,1,0,1,0,0,0,0,0
1669,1,1,1,5000,0,1,,6,0,0,0,0,0,0,0,0
1670,3,4,2,75000,1,1,,10,0,0,0,0,0,0,0,0
1671,20,41,4,94070.46,1,1,,12,1,0,0,0,0,0,0,0
1672,0,1,1,1952.25,1,1,,7,1,0,0,0,0,0,0,0
1673,0,0,1,4500,0,1,,7,0,0,0,0,0,0,0,0
1674,0,1,1,526.44,1,1,,7,1,0,0,0,0,0,0,0
1675,1,4,1,30000,1,1,,9,1,0,1,0,0,0,0,0
1676,0,1,1,5000,1,1,,7,1,0,0,0,0,0,0,0
1677,5,9,4,9110,0,1,,7,0,0,0,1,0,0,0,0
1678,0,2,1,20000,1,1,,9,0,0,1,0,0,0,1,0
1679,0,2,3,3050,1,1,,9,1,0,0,0,0,0,0,0
1680,0,1,1,3000,1,1,,7,0,0,0,0,0,0,0,0
1681,4,4,2,105500,0,1,,10,0,0,0,0,0,0,0,0
1682,0,1,2,123177.75,1,1,3,11,1,0,0,0,0,0,0,0
1683,0,0,1,543.15,0,1,,6,0,0,0,0,0,0,0,0
1684,0,2,2,7540,0,1,,7,0,0,0,0,0,0,0,0
1685,0,1,1,5815.73,0,1,,6,1,0,0,0,0,0,0,0
1686,0,0,2,26487.31,1,1,,9,1,0,0,0,0,0,0,0
1687,0,1,1,22550,1,1,,11,1,0,0,0,0,0,0,0
1688,1,1,2,164810.96,1,1,,10,1,0,0,0,0,0,0,0
1689,0,0,1,28666.67,0,1,,8,1,0,0,0,0,0,0,0
1690,0,0,1,53882.4,1,1,,8,1,0,0,0,0,0,0,0
1691,0,1,1,19789.9,1,1,,9,0,0,0,0,0,0,0,0
1692,0,4,5,777100,1,1,,14,1,0,0,0,0,0,0,0
1693,0,1,1,500,1,1,,7,1,0,0,0,0,0,0,0
1694,0,1,2,140600,0,1,1,12,1,0,0,0,0,0,0,0
1695,0,0,1,8000,1,1,,8,0,0,0,0,0,0,0,0
1696,0,0,1,50,0,1,,7,0,0,0,0,0,0,0,0
1697,0,1,1,253150,1,1,,12,1,0,0,0,0,0,0,0
1698,1,3,1,5000,0,1,,6,0,0,0,0,1,0,0,0
1699,19,32,5,805485,0,1,,11,0,0,0,0,0,0,0,0
1700,1,1,1,100,1,1,,7,0,0,0,0,0,0,0,0
1701,0,0,3,21000,1,1,,11,1,0,0,0,0,0,0,0
1702,0,0,1,222941,1,1,,10,1,0,0,0,0,0,0,0
1703,1,1,2,23395,1,1,,12,1,0,0,0,0,0,0,0
1704,0,0,1,1000,0,1,,6,0,0,0,0,0,0,0,0
1705,0,0,1,1323.13,0,1,,6,0,0,0,0,0,0,0,0
1706,0,0,1,3600,0,1,,8,0,0,0,0,0,0,0,0
1707,0,1,1,5455,0,1,,6,0,0,0,0,0,0,0,0
1708,1,4,1,7500,1,1,,7,1,0,0,0,0,0,0,0
1709,0,0,1,1084.7,0,1,,6,0,0,0,0,0,0,0,0
1710,2,3,5,56600,1,1,,10,0,0,0,0,0,0,0,0
1711,0,1,1,1000,1,1,,7,1,0,0,0,0,0,0,0
1712,3,6,2,51000,0,1,,8,0,0,0,0,0,0,0,0
1713,0,1,1,500,0,1,,7,0,0,0,0,0,0,0,0
1714,0,1,1,5000,1,1,,7,1,0,0,0,0,0,0,0
1715,0,1,1,79239.39,1,1,,9,1,0,1,0,0,0,0,0
1716,0,1,1,3750,1,1,,7,1,0,0,0,0,0,0,0
1717,0,0,1,13655.25,0,1,,7,0,0,0,0,0,0,0,0
1718,0,0,1,1500,0,1,,6,0,0,0,0,0,0,0,0
1719,0,0,1,2000,0,1,,6,0,0,0,0,0,0,0,0
1720,0,1,1,27221,0,1,,8,0,0,0,0,0,0,0,0
1721,1,3,4,30779.57,1,1,,11,1,0,0,0,0,0,0,0
1722,0,1,1,42345.65,0,1,,8,0,0,0,0,0,0,0,0
1723,1,4,4,978229,1,1,,13,0,0,0,0,0,0,1,0
1724,0,1,1,32537.5,1,1,,8,1,0,0,0,0,0,0,0
1725,0,1,1,64068.87,1,1,,8,1,0,0,0,0,0,0,0
1726,0,1,2,15420,1,1,,8,0,0,0,0,0,0,1,0
1727,1,1,1,100,0,1,,6,0,0,0,0,0,0,0,0
1728,0,1,2,1600,0,1,,7,0,0,0,0,0,0,0,0
1729,0,1,1,4435,1,1,,10,1,0,0,0,0,0,0,0
1730,0,1,1,1500,1,1,,8,1,0,0,0,0,0,0,0
1731,0,1,1,4000,0,1,,9,0,0,0,0,0,0,0,0
1732,0,0,1,5000,1,1,,7,1,0,0,0,0,0,0,0
1733,0,1,1,13500,1,1,,10,0,0,0,0,0,0,0,0
1734,0,1,1,50000,0,1,,8,1,0,0,0,0,0,0,0
1735,0,1,1,25000,1,1,,5,0,0,0,0,0,0,1,0
1736,0,1,1,2000,0,1,,8,0,0,0,0,0,0,0,0
1737,1,2,2,60000,1,1,,8,1,0,0,0,0,0,0,0
1738,0,0,1,10000,0,1,,7,0,0,0,0,0,0,0,0
1739,0,0,1,5000,1,1,,7,1,0,0,0,0,0,0,0
1740,0,1,1,75,0,1,,7,0,0,0,0,0,0,0,0
1741,13,24,7,454227,1,1,2,14,1,1,1,0,1,0,0,0
1742,0,2,2,312227.18,1,1,1,12,1,0,0,0,0,0,0,0
1743,1,1,2,335,1,1,,8,0,0,0,0,0,0,0,0
1744,0,0,1,100000,0,1,,8,0,0,0,0,0,0,0,0
1745,0,1,1,279690,1,1,,12,1,0,0,0,0,0,0,0
1746,1,1,3,50180.43,1,1,,11,0,0,0,0,0,0,1,0
1747,0,0,1,1916.22,0,1,,7,1,0,0,0,0,0,0,0
1748,0,1,1,32500,1,1,,12,1,0,0,0,0,0,0,0
1749,3,9,6,571287.76,1,1,3,14,1,0,1,0,1,0,0,0
1750,1,1,1,6000,1,1,,9,0,0,0,0,0,0,0,0
1751,4,17,5,4179863.31,1,1,3,15,1,0,0,0,0,0,0,0
1752,0,1,1,1101.4,0,1,,6,0,0,0,0,0,0,0,0
1753,1,1,4,3550,1,1,,11,1,0,0,0,0,0,0,0
1754,0,1,1,27597.23,1,1,1,10,1,0,0,0,0,0,0,0
1755,0,0,1,6592863.47,1,1,,13,0,0,0,0,0,0,0,0
1756,0,1,1,5600,1,1,,9,0,0,0,0,0,0,0,0
1757,0,0,1,36584.32,1,1,,9,1,0,0,0,0,0,0,0
1758,0,2,1,25000,0,1,,8,1,0,0,0,0,0,0,0
1759,0,0,1,150000,0,1,,5,0,0,0,0,0,0,0,0
1760,1,4,2,22500,1,1,,12,1,0,0,0,0,0,0,0
1761,0,1,1,50,0,1,,7,0,0,0,0,0,0,0,0
1762,0,3,1,1500,0,1,,7,0,1,0,0,0,0,0,0
1763,0,1,1,10000,0,1,,7,0,0,0,0,0,0,0,0
1764,0,0,1,612.59,0,1,,6,0,0,0,0,0,0,0,0
1765,1,4,1,77708.84,1,1,1,10,1,0,0,0,0,0,0,0
1766,27,58,4,66708.21,1,1,,11,1,0,0,0,0,0,0,0
1767,2,5,4,72050,1,1,,10,1,0,0,0,0,0,0,0
1768,2,3,1,5940,0,1,,7,0,0,0,0,0,0,0,0
1769,0,0,1,1200,0,1,,7,0,0,0,0,0,0,0,0
1770,0,1,1,1428,0,1,,6,0,0,1,0,1,0,0,0
1771,0,0,1,32500,0,1,,7,0,0,0,1,1,0,1,0
1772,0,0,1,1000,0,1,,7,0,0,0,0,0,0,0,0
1773,0,1,1,880,0,1,,6,0,0,0,0,0,0,0,0
1774,0,1,1,210,1,1,1,7,0,0,0,0,0,0,0,0
1775,0,0,1,50,0,1,,6,1,0,1,0,1,0,1,0
1776,0,1,1,32266,1,1,,9,1,0,0,0,0,0,0,0
1777,0,0,1,15000,0,1,,8,1,0,0,0,0,0,0,0
1778,0,0,1,3000,1,1,,7,0,0,0,0,0,0,0,0
1779,1,1,3,1650,0,1,,9,0,0,0,0,0,0,0,0
1780,0,0,1,1089.4,0,1,,6,0,0,0,0,0,0,0,0
1781,0,0,1,10000,0,1,,7,0,0,0,0,0,0,0,0
1782,0,0,1,50,1,1,,7,1,0,0,0,0,0,0,0
1783,0,1,1,5278.72,0,1,,7,0,0,0,0,0,0,0,0
1784,0,1,4,5079255.34,1,1,,13,1,0,0,0,0,0,0,0
1785,8,13,3,50350,1,1,,9,1,0,0,0,0,0,0,0
1786,0,1,1,2500,1,1,,7,1,0,0,0,0,0,0,0
1787,0,1,1,1000,0,1,,7,0,0,0,0,0,0,0,0
1788,0,0,1,1000,0,1,,6,0,0,0,0,0,0,0,0
1789,1,3,1,4400,0,1,,6,0,0,0,0,0,0,0,0
1790,0,0,1,64505,1,1,,10,1,0,0,0,0,0,0,0
1791,0,1,2,2600,0,1,,6,0,0,0,0,0,0,0,0
1792,0,1,1,500,0,1,,7,0,0,0,0,0,0,0,0
1793,0,0,1,188,1,1,,7,0,0,0,0,0,0,0,0
1794,0,0,1,24155.96,1,1,,9,1,0,0,0,0,0,0,0
1795,1,1,2,3500,1,1,,8,1,0,0,0,0,0,0,0
1796,0,1,1,8117.85,0,1,,6,0,0,0,0,0,0,0,0
1797,0,1,1,5000,1,1,,7,1,0,0,0,0,0,0,0
1798,30,72,6,187246.83,1,1,,13,1,0,0,0,0,0,0,0
1799,6,10,6,829438,1,1,3,14,1,0,0,0,0,0,0,0
1800,2,4,1,92333.34,1,1,1,11,1,0,0,0,0,0,0,0
1801,1,3,3,22500,1,1,,11,0,0,0,0,0,0,1,0
1802,0,0,1,31947.5,1,1,,8,1,0,0,0,0,0,0,0
1803,0,1,1,38055.56,1,1,,8,1,0,0,0,0,0,0,0
1804,0,0,1,250,1,1,,7,1,0,0,0,0,0,0,0
1805,0,0,1,17550.79,0,1,,8,0,0,0,0,0,0,0,0
1806,2,6,7,278903.46,1,1,1,12,0,0,0,0,0,0,1,0
1807,0,0,1,20000,0,1,,7,0,0,0,0,0,0,0,0
1808,2,6,3,269500,0,1,,12,0,0,0,0,1,0,0,0
1809,0,0,1,5000,1,1,,7,1,0,0,0,0,0,0,0
1810,0,0,2,60,0,1,,7,0,0,0,0,0,0,0,0
1811,0,0,1,945910.88,1,1,,11,0,0,0,0,0,0,0,0
1812,1,1,4,3353.62,1,1,1,7,0,0,1,0,0,0,1,0
1813,6,7,1,500,1,1,,7,0,0,0,0,1,0,1,0
1814,0,1,1,231327.24,1,1,,11,0,0,0,0,0,0,0,0
1815,5,17,5,138468,1,1,,13,1,0,0,0,0,0,0,0
1816,0,0,1,62,0,1,,6,0,0,0,0,0,0,0,0
1817,19,42,7,1676993.1,1,1,,15,1,0,1,0,0,0,0,0
1818,1,1,2,612.4,1,1,,7,1,0,0,0,0,0,0,0
1819,0,0,1,100,1,1,,7,0,0,0,0,0,0,0,0
1820,0,0,1,2500,1,1,,7,1,0,0,0,0,0,0,0
1821,0,1,1,10000,0,1,,7,0,0,0,0,0,0,0,0
1822,0,1,3,42175,1,1,1,9,1,0,0,0,0,0,0,0
1823,2,2,1,170900,0,1,,10,0,0,0,0,0,0,0,0
1824,0,2,1,100,0,1,,6,0,0,0,0,0,0,0,0
1825,0,0,1,500,0,1,,7,0,0,0,0,0,0,0,0
1826,0,0,3,176325,1,1,,12,1,0,0,0,0,0,0,0
1827,0,1,1,50,1,1,,7,0,0,0,0,0,0,0,0
1828,9,13,3,6150,0,1,,8,0,0,0,1,0,0,0,0
1829,0,0,1,120000,1,1,,12,0,0,0,0,0,0,0,0
1830,0,0,1,190000,1,1,,9,1,0,0,0,0,0,0,0
1831,1,1,1,97945.8,1,1,,9,1,0,0,0,0,0,0,0
1832,0,0,1,3700,0,1,,7,0,0,0,0,0,0,0,0
1833,0,1,1,115207,1,1,,10,1,0,0,0,0,0,0,0
1834,0,1,1,150,0,1,,7,0,0,0,0,0,0,0,0
1835,0,1,1,126500,0,1,,9,0,0,0,0,0,0,0,0
1836,1,1,1,22500,1,1,,8,1,0,0,0,0,0,0,0
1837,0,2,3,44800,1,1,,9,1,0,0,0,0,0,0,0
1838,0,1,1,121455.14,1,1,,10,1,0,0,0,0,0,0,0
1839,0,1,1,3000,1,1,,5,1,0,0,0,0,0,0,0
1840,0,0,1,1875,0,1,,6,0,0,0,0,1,0,0,0
1841,2,2,1,6024.46,1,1,,8,0,0,0,0,0,0,0,0
1842,4,4,1,94550,0,1,,9,0,0,0,0,0,0,0,0
1843,0,2,1,2064,1,1,,7,1,0,0,0,0,0,0,0
1844,4,6,4,52750,1,1,,12,1,0,0,0,0,0,0,0
1845,1,1,1,19166.67,1,1,,8,1,0,0,0,0,0,0,0
1846,0,0,1,500,0,1,,6,0,0,0,0,0,0,0,0
1847,0,1,2,325476.1,1,1,3,11,1,0,0,0,0,0,0,0
1848,0,2,2,225000,1,1,,12,1,0,0,0,0,0,0,0
1849,2,14,5,1214438.95,1,1,1,15,1,0,1,0,0,0,0,0
1850,0,3,2,7550,1,1,3,9,1,0,0,0,0,0,0,0
1851,0,0,1,2750,1,1,,8,1,0,0,0,0,0,0,0
1852,0,0,1,533.57,1,1,,8,0,0,0,0,0,0,0,0
1853,0,1,1,47650,1,1,,12,1,0,0,0,0,0,0,0
1854,0,1,1,2000,1,1,,7,0,0,0,0,0,0,1,0
1855,0,0,1,8338.63,1,1,,7,1,0,0,0,0,0,0,0
1856,0,1,1,150500,0,1,,9,0,0,0,0,0,0,0,0
1857,1,5,1,1000,0,1,,6,0,0,0,0,0,0,0,0
1858,0,1,1,24000,1,1,,9,1,0,0,0,1,0,0,0
1859,1,2,1,800,0,1,,8,0,0,0,0,0,0,0,0
1860,0,1,1,150,1,1,,7,1,0,0,0,0,0,0,0
1861,0,2,2,8700,1,1,,10,1,0,0,0,0,0,0,0
1862,0,0,1,1250,0,1,,6,0,0,0,0,1,0,0,0
1863,0,1,1,9269.85,1,1,,8,0,0,0,0,0,0,0,0
1864,44,80,7,649425.62,1,1,,14,1,0,0,0,0,0,0,0
1865,0,1,4,85758.48,1,1,1,13,0,0,0,0,0,0,0,0
1866,0,0,1,2500,1,1,,7,1,0,0,0,0,0,0,0
1867,0,1,1,1500,1,1,,8,1,0,0,0,0,0,0,0
1868,0,3,1,19166.67,1,1,,8,1,0,0,0,0,0,0,0
1869,0,0,1,25000,0,1,,8,0,0,0,0,0,0,0,0
1870,0,0,1,506.17,0,1,,6,0,0,0,0,0,0,0,0
1871,0,1,2,7630,0,1,,9,0,0,0,0,0,0,0,0
1872,0,0,5,52414,1,1,,11,1,0,0,0,0,0,0,0
1873,0,1,1,200,0,1,,6,0,0,0,0,0,0,0,0
1874,1,7,1,16150,1,1,,10,0,0,0,0,0,0,0,0
1875,0,5,6,19950771.99,1,1,,14,1,0,1,0,1,0,0,0
1876,1,1,1,425,1,1,,7,0,0,0,0,0,0,0,0
1877,0,1,1,250,1,1,,7,0,0,0,0,0,0,0,0
1878,1,1,1,100,1,1,,7,1,0,0,0,0,0,0,0
1879,0,1,1,101873.5,0,1,,8,0,0,0,0,1,0,0,0
1880,0,1,1,100000,0,1,,9,0,0,0,0,0,0,0,0
1881,0,2,1,5750,1,1,,10,0,0,0,0,0,0,1,0
1882,0,0,1,5819,1,1,,9,1,0,0,0,0,0,0,0
1883,0,1,2,15500,1,1,,9,0,0,0,0,0,0,1,0
1884,0,1,1,350,0,1,,6,0,0,0,0,0,0,0,0
1885,0,1,1,5000,0,1,,7,0,0,0,0,0,0,0,0
1886,2,2,3,5315,1,1,,8,1,0,0,0,0,0,0,0
1887,0,1,1,100,0,1,,6,0,0,0,0,0,0,0,0
1888,0,2,4,397500,1,1,3,14,1,0,0,0,0,0,0,0
1889,0,2,2,3400945,1,1,1,14,1,0,0,0,0,0,0,0
1890,0,0,1,2100,1,1,,8,1,0,0,0,0,0,0,0
1891,0,0,1,8000,1,1,,10,1,0,0,0,0,0,0,0
1892,0,0,1,53000,1,1,1,8,1,0,0,0,0,0,0,0
1893,1,1,1,26190.98,1,1,,10,0,0,0,0,0,0,0,0
1894,0,0,1,946.36,1,1,,7,1,0,0,0,0,0,0,0
1895,0,1,2,8425,1,1,,8,1,0,0,0,0,0,0,0
1896,0,1,1,750,1,1,,7,1,0,0,0,0,0,0,0
1897,0,4,3,11056.25,1,1,,10,1,0,0,1,0,0,0,0
1898,0,1,1,100000,1,1,,10,1,0,0,0,0,0,0,0
1899,0,1,1,5000,1,1,,7,1,0,0,0,0,0,0,0
1900,0,1,1,750,1,1,,7,0,0,0,0,0,0,0,0
1901,0,0,2,1438.3,1,1,3,9,0,0,0,0,0,1,1,0
1902,10,22,2,34600,0,1,,11,0,0,0,0,0,0,0,0
1903,0,1,1,500,1,1,,7,1,0,0,0,0,0,0,0
1904,10,22,5,1638902.15,1,1,1,15,1,1,1,0,1,1,1,0
1905,4,7,3,19450,1,1,,11,1,0,0,0,0,0,0,0
1906,0,0,1,1228.4,0,1,,7,0,0,0,0,0,0,0,0
1907,1,1,1,6562.5,1,1,,8,1,0,0,0,0,0,0,0
1908,0,0,1,25000,1,1,,8,0,0,0,0,1,0,1,0
1909,0,1,1,500,0,1,,7,0,0,0,0,0,0,0,0
1910,0,1,1,576.3,1,1,,8,1,0,0,0,0,0,0,0
1911,0,1,1,3250,0,1,,8,0,0,0,0,0,0,0,0
1912,0,1,1,50,0,1,,6,0,0,0,0,0,0,0,0
1913,4,14,7,104479.62,1,1,3,12,0,0,0,0,0,0,1,0
1914,15,35,6,1682500,1,1,1,15,1,0,0,0,0,0,0,0
1915,1,8,2,14037436.88,1,1,1,14,1,0,1,0,1,0,1,0
1916,0,0,1,2000,1,1,,7,0,0,0,0,0,0,0,0
1917,1,2,1,59645,1,1,,9,0,0,0,0,0,0,1,0
1918,2,5,2,700,1,1,,8,0,0,0,0,0,0,1,0
1919,0,1,1,18610,1,1,,10,1,0,0,0,0,0,0,0
1920,0,1,1,63108.8,1,1,,12,1,0,0,0,0,0,0,0
1921,1,1,2,1400,0,1,,7,0,0,0,0,0,0,0,0
1922,0,1,2,21580,1,1,,9,1,0,0,0,1,0,0,0
1923,0,1,1,1853.5,1,1,,8,1,0,0,0,0,0,0,0
1924,0,1,1,125000,1,1,,11,1,0,0,0,0,0,0,0
1925,6,12,3,46900,0,1,,9,0,0,0,0,0,0,0,0
1926,0,1,1,500,0,1,,6,0,0,0,0,0,0,0,0
1927,0,1,1,100,1,1,,7,1,0,0,0,0,0,0,0
1928,0,0,1,785.82,0,1,,6,0,0,0,0,0,0,0,0
1929,3,8,3,6308.46,0,1,,8,0,0,0,0,0,0,0,0
1930,0,1,5,18355,0,1,,10,0,0,0,0,0,0,0,0
1931,7,9,2,6280,0,1,,8,0,0,0,0,0,0,0,0
1932,0,1,1,6000,0,1,,6,0,0,0,0,0,0,0,0
1933,0,1,1,100,0,1,,7,0,0,0,0,0,0,0,0
1934,0,0,4,23380,1,1,,12,1,0,0,0,0,0,0,0
1935,1,2,2,30769.91,1,1,,9,1,0,0,0,0,0,0,0
1936,0,2,1,11646.05,1,1,,10,0,0,0,0,0,0,0,0
1937,0,1,1,140,1,1,,7,0,0,0,0,0,0,1,0
1938,0,0,1,6274.64,1,1,,8,1,0,0,0,0,0,0,0
1939,2,2,1,12063,0,1,,8,0,0,0,0,0,0,0,0
1940,0,1,1,2500,1,1,,7,1,0,0,0,0,0,0,0
1941,0,0,1,197472.55,1,1,,10,1,0,0,0,0,0,0,0
1942,0,0,3,23551.5,1,1,,12,1,0,0,0,0,0,0,0
1943,0,1,1,2500,1,1,,7,1,0,0,0,0,0,0,0
1944,0,1,1,1500,1,1,,7,1,0,0,0,0,0,1,0
1945,1,4,7,1983933,1,1,,15,1,1,1,0,1,0,1,1
1946,2,6,3,39064.67,1,1,,10,0,0,0,0,0,0,0,0
1947,0,0,1,149702.13,0,1,,10,0,0,0,0,0,0,0,0
1948,1,1,3,631604.72,1,1,,13,1,0,0,0,0,0,0,0
1949,12,18,4,32546,1,1,1,10,1,0,0,0,0,0,0,0
1950,0,0,1,500,0,1,,6,0,0,0,0,0,0,0,0
1951,0,1,1,1000,1,1,,7,1,0,0,0,0,0,0,0
1952,6,10,5,47750,1,1,3,11,1,0,0,0,0,0,0,0
1953,0,1,1,120,0,1,,6,0,0,0,0,0,0,0,0
1954,0,3,3,66500,1,1,,11,0,0,0,0,1,0,0,0
1955,0,3,1,751450,1,1,1,14,1,0,0,0,0,0,0,0
1956,0,1,2,14579.38,0,1,,11,0,0,0,0,0,0,0,0
1957,0,1,3,11540,1,1,,9,0,0,0,0,0,0,1,0
1958,0,1,1,221290.3,1,1,,5,1,0,0,0,0,0,0,0
1959,11,13,2,10600,0,1,,7,0,0,0,0,0,0,0,0
1960,0,1,2,201000,1,1,,9,1,0,0,0,0,0,0,0
1961,7,14,3,351065,1,1,,12,1,0,0,0,1,0,0,0
1962,1,7,2,2700,0,1,,7,0,0,0,0,0,0,0,0
1963,0,1,1,10000,0,1,,8,0,0,0,0,0,0,0,0
1964,0,1,1,125000,0,1,,11,0,0,0,0,0,0,0,0
1965,0,0,1,5000,1,1,,7,1,0,0,0,0,0,0,0
1966,0,0,2,50000,0,1,1,8,1,0,0,0,0,0,0,0
1967,5,8,2,42400,1,1,,12,1,0,0,0,0,0,0,0
1968,0,0,1,3500,1,1,,8,1,0,0,0,0,0,0,0
1969,0,1,1,500,0,1,,7,0,0,0,0,0,0,0,0
1970,0,0,1,2750,1,1,,8,1,0,0,0,0,1,1,0
1971,1,1,2,225,1,1,,9,1,0,0,0,0,0,0,0
1972,0,1,1,3500,1,1,,8,1,0,0,0,0,0,0,0
1973,2,9,3,527319.42,0,1,,12,0,1,1,0,1,0,0,0
1974,0,1,1,16458,1,1,,9,1,0,0,0,0,0,0,0
1975,0,1,2,1250,0,1,,8,0,0,0,0,0,0,0,0
1976,0,1,1,3000,0,1,,6,0,0,0,0,0,0,0,0
1977,0,1,1,9573,1,1,,7,0,0,0,0,0,0,0,0
1978,1,6,5,579168.99,1,1,,14,1,0,0,0,1,0,0,0
1979,0,0,1,11875,1,1,,9,1,0,0,0,0,0,0,0
1980,2,7,2,21750,1,1,,9,1,0,1,0,1,0,0,0
1981,0,1,1,1000,0,1,,7,0,0,0,0,0,0,0,0
1982,0,1,1,1000,0,1,,7,0,0,0,0,0,0,0,0
1983,0,1,1,15000,1,1,,8,1,0,0,0,0,0,0,0
1984,0,0,2,13000,1,1,,10,1,0,0,0,0,0,0,0
1985,0,1,1,15625,0,1,,8,0,0,0,0,0,0,0,0
1986,0,0,1,600,1,1,,8,1,0,0,0,0,0,0,0
1987,0,1,1,1000,0,1,,6,0,0,0,0,0,0,0,0
1988,0,1,5,87735,1,1,,9,0,0,0,0,0,0,0,0
1989,0,0,1,5000,0,1,,7,0,0,0,0,0,0,0,0
1990,0,0,1,29418.64,1,1,,8,1,0,0,0,0,0,0,0
1991,0,1,3,500900,1,1,3,12,1,0,1,0,0,0,1,0
1992,0,1,1,4096.74,0,1,,9,0,0,0,0,0,0,0,0
1993,0,1,2,3000,1,1,,8,0,0,0,0,0,0,0,0
1994,0,1,1,200,0,1,,6,0,0,0,0,0,0,0,0
1995,0,1,1,5000,1,1,,9,1,0,0,0,0,0,0,0
1996,1,1,1,25354.73,1,1,3,8,1,0,0,0,0,0,0,0
1997,1,1,4,304500,1,1,1,13,0,0,0,0,0,0,1,0
1998,0,1,1,18446.85,0,1,,8,0,0,0,0,0,0,0,0
1999,1,1,4,19883.1,1,1,,13,1,0,0,0,0,0,0,0
2000,0,2,2,21100,0,1,,6,0,1,0,0,0,0,0,0
